Name,Aliases,Nationality,Ethnicity
Seth Gamble,"Seth Bamble, Troy Gabriel, Demitri Long, Dimitri Long, Porcupine",American,Caucasian
Parker Ambrose,Jordan Jaxx,American,Latin
Isiah Maxwell,Unknown,"Nigerian, Cameroonian, Congolese, American",Black
Kyle Mason,Lucas Knight,American,Caucasian
Jax Slayher,"Jonte Armand, Jax Slayer, Jaxxx Slayher, Johnny Love, Jax Black, Jak Black, Jean Slayer",American,Black
Will Pounder,"Sergeant O'Hara, Sergeant Ohara",American,Caucasian
Vince Karter,"Vince Carter, Vince, Vincent",French,Caucasian
Chocolate God,Chocolate Rod,Unknown,Black
Jodie Johnson,Unknown,Unknown,Caucasian
Joshua Lewis,Josh Lewis,Unknown,Caucasian
Charlie Dean,"Marek Prohodil, Michail, Charles Deen, Andreas Ratto, Matty Wildy, Jace Reed, Charles Dean",Czech,Caucasian
Charles Dera,"Karl Toughlove, Karl",American,Caucasian
Nelson Mandingo,Unknown,British,Black
Max Fills,Unknown,Unknown,Latin
Brock Cooper,"Mr Cooper XXX, Nico Correlli",American,Caucasian
Axel Haze,"Shrooms D, Trey Haze",American,Caucasian
Ryan Driller,Jeremy Bilding,Unknown,Caucasian
Nathan Bronson,"Nate Bronson, Nathan Explosion",American,Caucasian
Hollywood Cash,Unknown,American,Black
Ethan Seeks,Ethan Sacks,Unknown,Caucasian
Zac Wild,"Zak Wild, Warren, Zachary Wild, Zac Wilde, Zach Wild, Wesley Crush",American,Caucasian
Juan El Caballo Loco,Juan Loco,American,Latin
Richard Mann,Richard,American,Black
Quinton James,Quintin James,British,Caucasian
Rion King,Unknown,American,Caucasian
Jay Romero,Unknown,Algerian,Caucasian
Ryan Madison,Unknown,American,Caucasian
Mike Mancini,Unknown,American,Caucasian
Jimmy Michaels,"Little Jimmy Michaels, Little Jimmy, Jimothy Michaels",American,Caucasian
Tyler Nixon,"Tyler, Tate",American,Caucasian
Slim Poke,Darwin Slimpoke,American,Black
Donnie Rock,Donnie Rocks,American,Caucasian
Ricky Spanish,Louie,American,Caucasian
Damion Dayski,"Damien Dayski, DayDay",American,Black
Nade Nasty,Nade,American,Caucasian
Austin Pierce,Unknown,American,Caucasian
Kai Jaxon,Unknown,American,Caucasian
Gi Joey,"Joe Justice, Joey Justice, G.I. Joey, Dick Joye, Joey Nux",American,Caucasian
Mick Blue,Unknown,Austrian,Caucasian
Jay Hefner,Jay,Unknown,Black
Scotty P,"Scotty Pimpin, MrThroatMonster, Scotty A",American,Black
Jayden Marcos,Monster Can,Unknown,Caucasian
Jmac,"J Mac, Angel, J-Mac",American,Caucasian
Owen Gray,"Owen Grey, Dr. Gray",American,Caucasian
Logan Drake,Unknown,American,Caucasian
Lucas Frost,Unknown,American,Caucasian
Jason Luv,Unknown,American,Black
Lexington Steele,Unknown,Unknown,Black
Sage Roux,Unknown,Unknown,Caucasian
Ken Feels,Unknown,American,Caucasian
Parker Sims,"Parker Simpson, Parker Simp",American,Caucasian
Danny D,Unknown,British,Caucasian
Will Tile,Unknown,American,Black
Danny Steele,"Danny Steel, Dan Steele",Unknown,Caucasian
Ramon Nomar,"Ramon Guevarra, Ramon Perez, Ramon Sutra, Ramon Enrique, Ramon Fernandez, Ramon Guebara, Ramon Lee, Ramon Novar, Ramon Gonzales, Ramon Kiss","Venezuelan, Spanish",Latin
Sheem The Dream,Unknown,American,Black
Damon Dice,"Damon, Jason Reign",American,Caucasian
Duncan Saint,Geronimo,American,Latin
Don Prince,"Don XXX Prince, Donald, Din Prince",American,Black
Dan Damage,Unknown,American,Caucasian
Tyler Cruise,Unknown,American,Caucasian
Mannie Coco,Unknown,American,Black
Musa Phoenix,Unknown,American,Black
Jay Rock,"Jay, Jason",American,Caucasian
Matthew Meier,Mathew Mayers,Ukrainian,Caucasian
Mike Skywalker,Unknown,Unknown,Latin
Brad Newman,Unknown,Unknown,Unknown
Jovan Jordan,Unknown,Unknown,Unknown
Solo The Bull,Unknown,Unknown,Black
Sam Shock,"Sam Perfect Body, Sam Strong",American,Caucasian
Van Wylde,Unknown,American,Caucasian
Manuel Ferrara,Unknown,French,Caucasian
Nikki Nuttz,"Nikky Nuttz, Josiah Reno (BelAmi), Josiah Reno, Nickki Nutz",Hungarian,Caucasian
Troy Francisco,Troy Frisco,Unknown,Black
Don Sudan,Unknown,American,Black
Dorian Del Isla,"Dorian De La Isla, Pascal, Dorial Del Isla",French,Caucasian
Mark Wood,Unknown,Unknown,Unknown
Luke Longly,Luke Longley,American,Unknown
Dante Colle,"Brother Calhoun, Ryder, Sam Jameson",American,Caucasian
Erik Everhard,"Eric Ray, Eric Everhart, Eril Everhard, Eric Steck, Eric Everhard",Canadian,Caucasian
David Lee,David Chan,"South Korean, American",Asian
Pavlos Hard,"Roy Gary, Jonas Miller, Hugo Antonin, Kane Mra'z, Raul Dolce, Adam Sin, Pavel Gaborik, Roy Garrett, Pavlos Hicklos, Florian Mraz, Florian Richter",Czech,Caucasian
Danny Mountain,Unknown,Unknown,Unknown
James Angel,Unknown,American,Black
Ricky Johnson,Quentin,American,Black
Donny Sins,Donnie Sins,American,Black
Mike Ox,"Magic Mike, Mike Oxsmall",Dominican,Latin
Small Hands,Unknown,Unknown,Latin
Diego Perez,Unknown,Mexican,Latin
Robby Apples,"Robby Echo, Mr. Kitty",Unknown,Caucasian
Freddy Gong,Unknown,Ghanaian,Black
Sam Bourne,"Sam Borne, Adam C",Unknown,Caucasian
Alex Jett,"Matt Bailey, Matthew Bailey, John Swift",American,Caucasian
Brickzilla,"BK Brick, Brick Trismigistus",American,Black
Clarke Kent,"Matt, Seb Cam, Clark Kent",French,Caucasian
Tommy Pistol,Unknown,American,Caucasian
Johnny Sins,Damian,American,Caucasian
Keiran Lee,Unknown,Unknown,Caucasian
Jesus Reyes,"Jesus Reyes Vazquez, Negro del Whatsapp, Jesus Reyez",Cuban,Black
Anton Harden,"Migo, Migodingo",American,Black
Alex Legend,Unknown,French,Caucasian
Sir Goldey,Unknown,Unknown,Black
Bruce Venture,Bruce Ventura,"Portuguese, Dutch, Irish, American",Caucasian
Rocket Powers,Unknown,American,Black
Darrell Deeps,Darrel Deeps,Dutch,Black
Nicky Rebel,Ricky Evers,American,Caucasian
Bryan Gozzling,Unknown,American,Caucasian
Marco Banderas,"Michael Duarte, Marco Duato, Marco Duarte",Unknown,Unknown
Draven Navarro,Unknown,"Italian, Mexican, American",Unknown
Tommy Gunn,Thomas Gunn,American,Caucasian
Juan Lucho,"Juan Luche, Juan Jucco, Juan Lucco, Juan Locho",Spanish,Caucasian
Dwayne Foxxx,Unknown,American,Black
Milan Ponjevic,"milan, Lanmi Miami, ulan",Serbian,Caucasian
Rusty Nails,Chas Carter,American,Caucasian
Lorenzo Viota,Lorenzo Viotta,French,Unknown
Liam Salvatore,Unknown,Czech,Caucasian
Oliver Davis,"Llewyn Davis, Oli Davis",American,Black
Peter Green,Unknown,American,Latin
Dimitri Shadow,Shadow Dimitri,British,Black
Scott Nails,"Scott Skools, Scott Mills, Cock Boy",American,Caucasian
Apollo Banks,Unknown,American,Caucasian
Jimmy Bud,Unknown,Spanish,Caucasian
Eddie Jaye,"Eddie Jay, Eddie J",American,Black
Brian Omally,Brian O'Mally,American,Caucasian
Tony Marzo,Unknown,Unknown,Caucasian
Derek Savage,Unknown,Unknown,Black
Adonis Breeds,Unknown,American,Unknown
Codey Steele,Unknown,Unknown,Unknown
Renato,"Mark Barbins or Federique Button or Nick Chines, Renato Rush, Herry Palmer, Marc Lobste, Emil Moldovan, Pierre or Thomas or uncredited, Jassen or Riccardo, Renato Douglas, Marc Hens or Alez Belli or Cristoph, Reno, Rick Renato, Paolo il Brigante, Degey or uncredited, Leonardo, Ranato, Trainee",Hungarian,Caucasian
Mad Bundy,"Mat Bundy, Max, Damien, Mark Dozer, Michael, Larry, Tom",Czech,Caucasian
Kaby Snow,Unknown,American,Black
Pierce Paris,"Pierce, Brother Hales, Leo Winston, Pierce Hartman",American,Caucasian
Brady Bud,Unknown,Spanish,Caucasian
Richard Glaze,Unknown,American,Caucasian
Mazee The Goat,Unknown,American,Black
Mickey Taylor,Unknown,British,Caucasian
J. Crew,"Jay Crew, Jake Jacobs, Jay Cobb, Jason Crew, Jake Crew",American,Caucasian
Boswell Black,"Neji B, Mr Pulloutskeet",American,Black
James Deen,Unknown,Unknown,Caucasian
Billy Boston,Unknown,American,Caucasian
Michael Delray,"Ben Knox, Elder Ence, Michael Del Ray",American,Caucasian
Joachim Kessef,"Gustave Bogassà, Joachim Keseff, Joachim Lawson, Joachin Kessef, Joackim Kessev, Joackim Lawson, Joahim Kessef",Unknown,Black
Chris Diamond,Chris Diamondx,Spanish,Caucasian
Jonathan Jordan,Unknown,American,Black
Jaxson Briggs,Jaxon,American,Black
Josh Rivers,Unknown,Unknown,Unknown
Peter Fitzwell,Unknown,American,Caucasian
John Strong,"Yury, Yuri, Jon Strong",American,Caucasian
Romeo Mancini,Unknown,Unknown,Caucasian
Lucky Fate,Lucky Fae,American,Caucasian
Tony Sting,"Tony, Raiin",Russian,Caucasian
Victor Ray,Unknown,American,Caucasian
Rocco Siffredi,Unknown,Unknown,Caucasian
Coal Daniels,The Real Cowboy Daddy,American,Unknown
Dredd,Dred,American,Black
Zac Drogba,"Jody Nikolas, Tomas Fuk, Daniel, Deny Lou, Thomas Fuk",Czech,Caucasian
Ian Scott,"Yannick Dure, Yannick Simon, Yanick Kangoo, Gerard D'Mattant, Yannick Shaft, Yannick Noah, Yann Legall, Ian Stone, Jan Scoot, Yann Claus, Ian Scot",Unknown,Caucasian
Elias Cash,Elias Kash,Brazilian,Latin
Johnny Goodluck,Unknown,American,Caucasian
Raul Costa,Raoul Costa,Italian,Caucasian
Nick Strokes,Unknown,American,Caucasian
Tony Rubino,Unknown,Unknown,Caucasian
Alex Charger,"Alex Spitter, Max Charger",American,Caucasian
Nick Ross,"Blake, Nick Gill, Harry, Eduard, Jack (x-art.com), Nathan, Nick R., Luke Hanson, Leo Stiller, Edward, Edvard, Edward Ross, Mark Franks, Eduardo, Aaron",Czech,Caucasian
Gemini Jay,"Kellen Jay, Kellen Rogers",American,Asian
Jamie Knoxx,Unknown,American,Black
Juan Largo,Unknown,Unknown,Unknown
Ryan Mclane,Unknown,Unknown,Unknown
Jason Cody,Cody Jason,American,Mixed
Karlo Karrera,"Karlos Carrera, Carlo Carrera, Kazlo Carrera, Carlos Rios, Karlo Carrera, Rios",Unknown,Latin
Jack Vegas,Unknown,American,Caucasian
Jon Jon,Unknown,Unknown,Unknown
Tommy Cabrio,Unknown,Spanish,Caucasian
Giovanni,"Papi Tarzan, GianCarlo Cavallero",Unknown,Caucasian
Alberto Blanco,Killian Kenzzo,Unknown,Caucasian
Big Dick Nick,Debauchery Desired,American,Caucasian
Angelo Godshack,"Paolo Verdi, Angelo Guardi, Ennio Guardi, Angelo Guardini, Pavel, Rudi, Woody Pepino, Angelo Danda, Emilio Guardi, Perry, Joe, Paulie, Lloyd Kenda, Leo Cooper",Unknown,Caucasian
Steve Holmes,"Steve Home, Chris Christof, Chris Long, Christian Christoff, Chris Delon, Cristian Metz, Steve Adams, Kai-Uwe Bergmann",German,Caucasian
Jules Jordan,"Chaz Masters, Master Blaster",American,Caucasian
Brad Knight,Unknown,Unknown,Unknown
Alex Mack,Unknown,Russian,Caucasian
Jordi El Nino Polla,Jordi ENP,Unknown,Unknown
Thomas Stone,Unknown,Hungarian,Caucasian
George Uhl,Unknown,Unknown,Caucasian
Chris Lockwood,"Caden Matthews, Christian Claps, Caden Barlowe",American,Caucasian
Anthony Pierce,Unknown,Unknown,Unknown
Steve Q,Unknown,Unknown,Unknown
Rob Piper,Unknown,Unknown,Unknown
Michael Fly,Unknown,Unknown,Unknown
Alex Romero,Unknown,French,Caucasian
Rodrigo Amor,Unknown,Cuban,Mixed
Jason Sarcinelli,Unknown,Unknown,Caucasian
Lawson Jones,Larson Jones,American,Black
Johnny Castle,"Antonio, Johnny, Danny Castle",American,Caucasian
Charles Neptune,"Sir Neptune, Neptune",American,Black
David Perry,Unknown,Unknown,Unknown
Christian Xxx,"ChristianXXX, Christian N, Christian X, Maxx Diesel",American,Caucasian
Zane Walker,Unknown,American,Unknown
Chad Alva,Vin Vericose,Unknown,Unknown
Yeri Blue,Unknown,Spanish,Latin
Dean Van Damme,Van Damme,British,Caucasian
Dillon Diaz,Dillion Diaz,American,Black
Yves Morgan,"Bob Karcher, Black Karchair",Belgian,Black
Hatler Gurius,"InkFit, Jesse Bently",American,Caucasian
Claus Noord,"Max, Hannes Löffel, Gerd, Tony Immer, Klaus Nord, Bernd",Unknown,Caucasian
Filthy Rich,Mr. Filthy Rich,American,Caucasian
Lil D,Unknown,American,Black
Celtic Iron,"Bradley King, Jonnhay Deep, Bradley Brennan, Stephen",Irish,Caucasian
Connor Flynn,Unknown,Spanish,Caucasian
Dan Ferrari,"Indiana Bones, Indian Bones",American,Caucasian
Thomas Lee,Unknown,Unknown,Unknown
Ace Bigs,Ace Biggs,American,Black
Nick Moreno,Nik Moreno,Unknown,Caucasian
Ace Hardz,"Ace Hard, Ace Hards",Unknown,Black
Jake Waters,Unknown,American,Black
Jack Blaque,Unknown,American,Black
Max Born,"Brian Ragnastone, Max Bourne, Zdenek Hemcak",Czech,Unknown
Steve Rickz,Steve Rinkz,American,Caucasian
Alex Jones,Ace,"Serbian, German",Caucasian
Pierre Woodman,"Pierre Boismonsieur, Jean-Paul Bouchet",French,Caucasian
Dylan Ledger,Unknown,Unknown,Caucasian
Kristof Cale,Unknown,Czech,Caucasian
Jonny Palms,Johnny Palms,American,Caucasian
Chad White,"Trent, Chad, Blair, Mattox",American,Caucasian
Chris Epic,"King Epicleus, Chris Epicleus, Epic, Chris",American,Caucasian
Zack Whiter,Unknown,Unknown,Latin
Conor Coxxx,Unknown,Unknown,Unknown
Jay Bangher,Jay Banger,American,Unknown
Willy Regal,"Ervin Kozma, Wiley Regal",Russian,Caucasian
Jay Wu,David Slinger,American,Asian
Francesco Malcolm,"Eduardo Ritz, Francesco Trulli, Francesco Malom, Francesco Malcon, Francesco Malkom, Franco Rialto",Italian,Caucasian
Dave Hard,"David, Dave H, Marek Dvorak, Dave Heart, Dave Heard, Christian, Davide Ranieri",Czech,Caucasian
Ridge Crix,Unknown,Czech,Caucasian
Stano Izak,"Clive Walker, Perry Layne, Karel, Alan Wake",Bulgarian,Caucasian
Lutro Steele,"Lutro Vargas, Joseph Valek, Jiri Benes, Jeryl, Lukas, Lucky Lutro, Karel, Rick",Czech,Caucasian
John Price,"Joan Price, Gianpiero",Italian,Caucasian
Rodolphe Antrim,"Adrien, Ruud Bilux, Alain, Rudy Manero, Rodolphe Billard, Christian Carambeau, Rudolf Blanc, Rudolph Baden, Rodolf Dessen",French,Caucasian
Maximo Garcia,"Jorge Navarro, Joël Tomas, Joel Tomas, Joel Thomas, Ricardo, Jorge Santana, Jorge Garcia",Spanish,Caucasian
Dre Strong,Unknown,American,Black
Kris Slater,Unknown,Unknown,Unknown
Ben English,Unknown,Unknown,Unknown
London Ford,Unknown,Unknown,Asian
Markus Dupree,Unknown,Russian,Caucasian
Eric Dikkersun,"Eric Dikkerson, Eriq Dikkersun",American,Caucasian
Oliver Flynn,Unknown,American,Caucasian
Michael Vegas,"Mike Vegas, James Oak",American,Caucasian
Puerto Rock,Unknown,American,Latin
Ralph Whoren,"pornbox.com), Ralph Whoring, Ralph (gonzo.com",American,Black
Air Thugger,Zachary Larson,American,Mixed
Xander Corvus,Unknown,Unknown,Caucasian
Seth Dickens,Unknown,Unknown,Unknown
Levi Cash,Unknown,Unknown,Unknown
Bamako Soldat,Bamako,French,Black
Devlin Weed,Unknown,Unknown,Unknown
Axel Aces,"Richie Evans, Master Richie, Master Richi, Mr Smith",Unknown,Caucasian
Kevin White,Unknown,Unknown,Unknown
Jin Matsui,Unknown,Brazilian,Asian
Preston Parker,"Dillon Parker, Chris Parker, Dillon (CorbinFisher), Preston (ChaosMen), Dillon (RandyBlue)",Unknown,Caucasian
Titof,"Titoff, Christophe",French,Caucasian
Filou Fitt,"Philippe Soulier, Fitt Filou",French,Caucasian
Don Diggler,DickDealear Don,American,Black
Brad Sterling,Unknown,American,Caucasian
Ralf Christian,"Tony Art, Chuck, Artem Turkov, Art, Frankie G, Thommy, Ben, Artie, Artyom",Russian,Caucasian
Colten Corso,"Colty Corso, Colton Corso",Unknown,Latin
Jessy Jones,"Jesse Jones, Jessie Fuck, Jessie Jones, Jessy",Chilean,Caucasian
Leo Valentino,Unknown,Unknown,Latin
Mugur,"Mugor, Mogur, Ivan, Mugur Porn, Murgur",Romanian,Caucasian
Uncut James,James Bloww,Unknown,Caucasian
Dino Bravo,Unknown,Unknown,Unknown
Peter Oh Tool,Unknown,Unknown,Unknown
Eric John,Unknown,Unknown,Unknown
Manuel Ferrera,Unknown,Unknown,Unknown
Vic Lowery,"Vic, Vic Lowry",American,Black
Chris Damned,Unknown,French,Caucasian
Alpha Wolfe,Persian Wolf,American,Caucasian
Justin Hunt,"Justin, Justin Long",American,Caucasian
Will Havoc,Rubie Havoc,Unknown,Caucasian
Sly Diggler,Unknown,American,Black
Slim Dark,Unknown,American,Black
Max Dior,"Kevin Arbor, Max, Max Dyor, Shane Barrett, Maxmilian Dior, Shane, Scott Reeves, Maximilian Dyor, Albert Masak",Czech,Caucasian
Johnny B,Unknown,American,Caucasian
Jason Carrera,Unknown,Venezuelan,Latin
Rico Strong,Unknown,Unknown,Unknown
Paul Black,Unknown,Unknown,Unknown
Conny Dachs,Unknown,German,Caucasian
Jordan Ash,Unknown,Unknown,Unknown
Martin Spell,"Martin Spen, Andrew Farrell",Russian,Caucasian
Mandingo,"Fred Foolish, Big Dick Fred, Curtis, Fred Dingo",American,Black
Deep Threat,Unknown,Unknown,Unknown
Chris Strokes,Unknown,Unknown,Unknown
Tommy Wolff,Bobby Smyrna,Unknown,Caucasian
Francis X,Unknown,Italian,Latin
Mickey Mod,MickeyMod,American,Black
Charlie Patterson,"Dillon Smith, Charlie, Elder Quaid, Miles, Charlie Paterson, Charlie Pattinson",American,Caucasian
Derek Kage,Derek Cage,American,Caucasian
Austan T,Unknown,Unknown,Caucasian
Calvin Hardy,Unknown,American,Caucasian
Tyce Bune,Unknown,Unknown,Unknown
Adrian Hart,Logan Heart,American,Black
Bossmane Dre,Bo$$mane Dre,Unknown,Black
Spikey Dee,Unknown,American,Caucasian
Buster Good,Unknown,Unknown,Unknown
Cory Strokes,Unknown,Unknown,Black
Peter North,Unknown,Unknown,Caucasian
Tony Carrera,"Mark Ferri, Christophe Kdo, Jean Philippe, Toni Carrera, Titus Woller",French,Caucasian
Tyler Steel,"Tyler Steele, Tyler Page",Unknown,Caucasian
Ike Diezel,Unknown,Unknown,Unknown
Mike Hunt,Unknown,Unknown,Unknown
Billy Glide,Unknown,Unknown,Unknown
Neeo,Unknown,Unknown,Unknown
Michael Stefano,"Mike Stefano, Micheal Stefano, Mike Long, Michael Stephano, Michael Long",Unknown,Unknown
Tony James,Unknown,Unknown,Unknown
D Snoop,Unknown,Unknown,Unknown
Marco Bull,Unknown,Spanish,Caucasian
Donny Long,Unknown,Unknown,Unknown
Guy Disilva,Unknown,Unknown,Unknown
Kane Kobang,Unknown,American,Black
Roman Todd,Unknown,American,Caucasian
Treyy Vunt,Unknown,Unknown,Black
Chris Cock,Unknown,Unknown,Unknown
Juan Cuba,Unknown,Unknown,Unknown
Robert Axel,"Pittbul, Robert Christian, Robert Christin, Robert Miner, Michael Vineland",American,Black
Coach Cardher,"Flexx, Pristine Bull, SeazonedBee, 420 Bangus, Flex Fitcock",American,Black
Casey Conrad,Brett Geo,Unknown,Caucasian
Prince Yahshua,Unknown,Unknown,Unknown
Jacob Steel,"Bambino, Lee, Jose",American,Latin
Sean Michaels,Unknown,Unknown,Unknown
Franco Roccaforte,Unknown,Unknown,Unknown
Kris Knight,Unknown,Unknown,Unknown
Jans Laver,Unknown,Colombian,Latin
David Bander,Unknown,Colombian,Latin
Buck Wylde,Unknown,Unknown,Unknown
Broc Adams,Unknown,Unknown,Unknown
Liam Cyber,Unknown,American,Black
Maxx Jenkins,Unknown,American,Black
Xavi Photo,Unknown,Unknown,Unknown
Dick James,Unknown,Unknown,Unknown
Alberto Rey,Unknown,Unknown,Unknown
Rauls Bud,Unknown,Spanish,Caucasian
Darren Blaze,Unknown,Unknown,Black
Reda Semlahen,Rada Palos,"Algerian, French",Caucasian
Rawdawg Cash,Unknown,American,Black
Marc Cummings,Unknown,Unknown,Unknown
Scott Trainor,Unknown,American,Caucasian
Arin Jones,Unknown,Unknown,Asian
Shane Diesel,"Shane 'Sol' Diesel, Shane, Shane D, Big Shane",American,Black
Greg Centauro,"Greg Centaureau, Greg Centaurio, Dru Capone, Gerg Centoro, Greg Santauro, Bruno Pelliti",French,Caucasian
Wesley Pipes,Unknown,Unknown,Unknown
Thomas Stone,Unknown,Unknown,Unknown
Jay Raw,Unknown,Unknown,Latin
Bishop Delonte,Unknown,Canadian,Black
J Mac,Unknown,Unknown,Caucasian
Robert Rosenberg,Unknown,Unknown,Unknown
Andy Mann,Unknown,Unknown,Unknown
Johnny Love,"Johnny The Kid, Myles Long",American,Latin
Jay Smooth,Unknown,Polish,Caucasian
David Candle,Unknown,Unknown,Latin
Kenzo Alvarez,James,Canadian,Latin
Drake Knight,Unknown,Unknown,Caucasian
Cyrus King,Unknown,Unknown,Unknown
Bryan De Ferro,Unknown,Unknown,Unknown
Mikey Butders,Unknown,Unknown,Unknown
Ron Jeremy,"Rolf Bomp, David Elliot, R. J., Ron Silva, Ron Geremy, Ron Jeremey, Ronnie J, Ronnie Hyatt, David Elliott, Ronald Jeremy",American,Caucasian
Dave Candle,Dave Candel,Italian,Caucasian
Marc Kaye,Mark Kaye,British,Caucasian
Aaron Rock,Marcus Gomez,Dutch,Black
Franco Styles,Unknown,American,Caucasian
Mike Oxlong,Unknown,Unknown,Unknown
Kai Bailey,Unknown,American,Caucasian
Timo Hardy,Unknown,Unknown,Unknown
Kris Kixxx,"Kris K, Kris K xxx, Krisk XXX",American,Black
Frankie Young,Unknown,Unknown,Unknown
Lancelot,SsLancelot,Colombian,Black
Tony Rope,Unknown,Unknown,Black
Chad Diamond,Unknown,Unknown,Unknown
Boz,"Bows, Boz The Beast, Box",American,Black
Dustin Daring,Unknown,American,Caucasian
Julius Ceazher,Unknown,Unknown,Unknown
Ben Dover,Unknown,Unknown,Unknown
Rico Simmons,"Ricco Simmons, Rico Simons",Unknown,Caucasian
Carlos Dickinson,Unknown,American,Latin
Barry Scott,Unknown,Unknown,Unknown
Gerald Vi,"Toni Bill, Abel, Toni Bil, Tony Bill",Unknown,Caucasian
Hugo,"Hugo Sperminator, Hugo North, Sperminator",Dutch,Caucasian
Jimmy Dix,Unknown,Unknown,Unknown
Johnny Xl,Unknown,Unknown,Unknown
James Black,Unknown,Unknown,Unknown
Kevin Long,Unknown,Unknown,Unknown
Henk,Unknown,Dutch,Caucasian
Amone Bane,Unknown,Unknown,Mixed
Rockhardo Black,Unknown,Unknown,Black
Matt Bishop,Unknown,American,Black
Sean Lawless,Sean Payton,American,Caucasian
Parker Savage,Unknown,Unknown,Caucasian
Mark Lax,Unknown,Unknown,Caucasian
Jay Scarman,Unknown,Unknown,Unknown
John Bishop,"Dirty Dog, John, Ian, John Petty, Chuck Loads",British,Caucasian
Loupan Xxx,Loupan,Unknown,Latin
Martin X,"Martin T, Martin, Martin Martinelli",Ukrainian,Caucasian
Bodo,"Bodo Burner, Jan-Martin K, Bodo Banger",German,Caucasian
Cali Deep,Unknown,Unknown,Latin
Wrex Oliver,"Wrex (jamiefosterstrips.com), Jimmy Deep",Unknown,Caucasian
Toni Ribas,Unknown,Unknown,Unknown
Brick Danger,Unknown,American,Caucasian
Rico Shades,"Shades, Ricardo Shades",American,Black
Matt Bird,"Johnny Wakeup, Laslo, Daniel Halasz, Jarkal, Jon Axe, Lazlo, Laszlo, Ted Lauter, Lucky Luke, Matt Denae, Alan Perrish",Hungarian,Unknown
Smash Thompson,Smash Tafarih,American,Black
Riley Mitchell,"Riley, Riley Mitchel",American,Caucasian
Kike Star,Unknown,Spanish,Caucasian
Stanley Johnson,"Stanley Jones, Stanley Johnosn",Russian,Caucasian
Leo Santos,Unknown,Brazilian,Latin
Tony Michaels,Unknown,Unknown,Unknown
Tony Martinez,Unknown,Unknown,Unknown
Steven Lee,Unknown,American,Caucasian
Igor Pikachu,Unknown,Unknown,Unknown
Jay R,Unknown,Unknown,Unknown
Roger Smore,Unknown,Unknown,Unknown
Ivor Badcock,"Marlon, Senzi, The Dirty Cleaner, Sensi",British,Black
Chris Mountain,Unknown,Unknown,Unknown
Lefty Larue,Unknown,Unknown,Unknown
Ricky Mancini,"Ricki Mancini, Marcel Pignom, Marcel Pignol, Ricky Manccini",French,Caucasian
Nacho Vidal,"Nacho, Nachos Camachos, Nachu",Spanish,Caucasian
Trevor Zen,Unknown,Unknown,Unknown
Ruckus,Unknown,American,Caucasian
Nat Turnher,Unknown,Unknown,Unknown
Vadim Muromtsev,Unknown,Unknown,Unknown
Tony Genius,Unknown,Unknown,Mixed
Pov Joe,Unknown,Unknown,Unknown
Kamil Klein,Unknown,Unknown,Unknown
Cedric Fato,Cedrick Fato,French,Caucasian
Marco Rivera,Unknown,Unknown,Unknown
Barrett Blade,Unknown,Unknown,Unknown
King Frank,Unknown,American,Black
Brandon Lee Harrington,Brandon Harrington,American,Black
Johnny Slovak,Unknown,Unknown,Unknown
Josue Fit,Unknown,Unknown,Latin
Tommy Gold,"Edmund, Timmy, Tony Gold, Bruno Porta",Russian,Caucasian
Eric Swiss,Unknown,Unknown,Unknown
Drake Von,"Dawson Bacon, Drake Yuri",American,Caucasian
Milos Savic,Unknown,Unknown,Unknown
Tone Capone,Unknown,Unknown,Unknown
Nick Leykis,Unknown,Unknown,Unknown
Mark Zebro,Unknown,Unknown,Unknown
David Taylor,Unknown,Unknown,Unknown
Oliver Sanchez,Unknown,Unknown,Unknown
Paulo Bangkok,"Bams Kok, Vankok, Bangkok, Van Kok",Spanish,Latin
Nova Taylor,Unknown,American,Black
Dick Delaware,Unknown,Unknown,Unknown
Jack Spade,Unknown,Unknown,Unknown
Don Fernando,Unknown,Unknown,Unknown
Tyler Wood,Unknown,Unknown,Unknown
Viktor Blizzard,Unknown,Unknown,Unknown
Rocco Maltesi,Unknown,Italian,Caucasian
Heath Austin,Unknown,Unknown,Caucasian
Jasper Woodcock,Unknown,American,Caucasian
Charlie Mac,Unknown,Unknown,Unknown
Marcus London,Unknown,Unknown,Unknown
Tony Orlando,Sissy Tanya,American,Caucasian
Tommy Utah,Unknown,Unknown,Unknown
Tyler Durden,Unknown,Unknown,Unknown
Talon,"Cliff Cummings, Lex Baldwin, Talon Valenti",Unknown,Unknown
Justin Long,Unknown,Unknown,Unknown
Tee Reel,Unknown,Unknown,Unknown
Choky Ice,Unknown,Unknown,Unknown
Joel Someone,"Elder Someone, Joel Morri",American,Caucasian
King Noire,"Hasan Salaam, Jesus",American,Black
Christian Clay,"Sancio L'Orco, Cristiano Ferri, Christian Devil, Christian Duro, Christian David, Christian Neri, Chris Clay, Cristian Clay",Unknown,Unknown
Mark Marais,Unknown,Unknown,Unknown
Alec Knight,"Alec T. Shag, Alec Night, Alex Knight, Howie Wood",Unknown,Unknown
Tony Desergio,Unknown,Unknown,Unknown
J. Monty,Unknown,Unknown,Unknown
Jack Kallahari,Unknown,Unknown,Latin
Andre Stone,Unknown,American,Black
Mike Angelo,Unknown,Unknown,Unknown
Tommy Parker,Unknown,Unknown,Caucasian
Noah Eden,"Neo Davis, Liam Rose",Czech,Caucasian
Damson Jenkins,Unknown,Unknown,Black
Eric Stone,Unknown,Unknown,Unknown
Omar Galanti,Unknown,Unknown,Unknown
Luke Cooper,Unknown,American,Caucasian
Alex Adams,"Adam, Gary, Jake",American,Caucasian
Pascal White,Unknown,Unknown,Unknown
Byron Long,Unknown,Unknown,Black
Flash Brown,Unknown,Unknown,Unknown
Mike Adriano,Unknown,Unknown,Unknown
Dirty Harry,Unknown,Unknown,Unknown
Denis Reed,Unknown,Unknown,Unknown
Jay Jay,Unknown,Unknown,Unknown
Jamie Stone,Unknown,Unknown,Unknown
Brick Majors,Unknown,Unknown,Unknown
Evan Stone,Unknown,Unknown,Unknown
Georgio Black,Unknown,Unknown,Unknown
James Duval,Unknown,French,Caucasian
Logan Pierce,"Logan, Abu","Italian, American",Caucasian
Jeremy Smith,Unknown,Unknown,Unknown
Jim Slip,"Robert D'Arcy, Robert Darcy, Archibald Bigglesworth",British,Caucasian
Pablo Ferrari,Pablo,Spanish,Caucasian
James Brossman,"James Brosman, Jones Brossman, Jimmy Grossman, James Brossmon",Unknown,Caucasian
Don Picone,Unknown,Unknown,Unknown
David Road,Unknown,Unknown,Unknown
Justin Magnum,Unknown,Unknown,Unknown
Tony Brooklyn,Unknown,Unknown,Unknown
Derek Atlas,Unknown,American,Caucasian
Blake Rivers,Unknown,Unknown,Latin
Dillon Day,Unknown,Unknown,Unknown
Dru Will,Unknown,American,Black
Maestro Claudio,Unknown,Unknown,Unknown
Gorgeous Drae,Unknown,Unknown,Unknown
Mike Horner,Unknown,Unknown,Unknown
Paul Chaplin,Unknown,Unknown,Unknown
Pat Myne,Unknown,Unknown,Unknown
Leny Ewil,Unknown,Unknown,Unknown
Buck Angel,Unknown,Unknown,Unknown
Kai Taylor,Unknown,Unknown,Unknown
Shorty Mac,Unknown,Unknown,Unknown
Keni Styles,Unknown,Unknown,Unknown
Brad Tyler,Unknown,Unknown,Unknown
Jon James,Unknown,Unknown,Unknown
Brad Baldwin,Unknown,Unknown,Unknown
Alex Gonz,Unknown,Unknown,Unknown
Jamie Barry,Unknown,Unknown,Unknown
Lee Stone,Unknown,Unknown,Unknown
Johnny Cobalt,Unknown,Unknown,Unknown
Ian Tate,Unknown,Unknown,Unknown
Brian Surewood,Unknown,Unknown,Unknown
Steve Drake,Unknown,Unknown,Unknown
Will Steiger,Unknown,Unknown,Unknown
Mike Hash,Unknown,Unknown,Unknown
Steven French,Unknown,Unknown,Unknown
Alex Sanders,Unknown,Unknown,Unknown
Djurica Stankov,Unknown,Unknown,Unknown
Arnold Schwartzenpecker,Unknown,Unknown,Unknown
Falco Zito,Unknown,Unknown,Unknown
Doryann Marguet,"Doryanne, Yoyo, Doryann Gray, Doryan, Doriann, Doryann Margret, Mec Two, Doryann Maguet",French,Caucasian
John E. Depth,Unknown,Unknown,Unknown
Billy Raw,Unknown,American,Caucasian
Chris Charming,Unknown,Unknown,Unknown
Sledge Hammer,Unknown,Unknown,Unknown
Nico Blade,Unknown,Unknown,Unknown
Jon Q,Unknown,Unknown,Unknown
Bradley Remington,Unknown,Unknown,Unknown
Alex Duca,Ryan Bones,Unknown,Caucasian
Jack Rippher,"J. Rippher, Jack Ripper",American,Black
Rick Masters,Unknown,Unknown,Unknown
Tony T,Unknown,Unknown,Unknown
Andrew Andretti,Unknown,Unknown,Unknown
Joss Lescaf,Unknown,Unknown,Unknown
Giovanni Francesco,Unknown,Unknown,Unknown
Michael Chapman,"Mike Cavallo, Kevyn Green, Mike Grant, Mike Chapman, Steven Johnson, Mike XL",American,Black
Jake Malone,Unknown,Unknown,Caucasian
Marcelo,Unknown,Unknown,Caucasian
Rob Carpenter,Camden Connors,American,Caucasian
Jean-Yves Le Castel,Unknown,Unknown,Unknown
Jazz Duro,Unknown,Unknown,Unknown
Will Powers,Unknown,Unknown,Unknown
Drago Gvozdik,"Egor, Drogo, Leo Dee, Edward, Igor",Russian,Caucasian
Nick Lang,Unknown,Unknown,Unknown
Kid Jamaica,Unknown,Unknown,Unknown
Nick East,Unknown,Unknown,Unknown
Max Payne,Unknown,Unknown,Unknown
Rod Hardick,Unknown,German,Caucasian
Lyra Lockhart,Unknown,Unknown,Unknown
Jason Brown,Unknown,Unknown,Unknown
Bill Bailey,"Joseph Reeves, Max Hammer, Bill Baily",Unknown,Caucasian
Chris Getz,Chris G,American,Caucasian
John West,Unknown,Unknown,Unknown
Titus Steel,Unknown,Unknown,Unknown
Jonathan Morgan,Unknown,Unknown,Unknown
Leo Casanova,Unknown,Unknown,Caucasian
Herschel Savage,Unknown,Unknown,Unknown
Moon Imp,Unknown,American,Caucasian
Richie Calhoun,Richie's Brain,Unknown,Caucasian
Sylvio Mata,Unknown,Unknown,Unknown
Paulo Machy,Unknown,Unknown,Unknown
"Moe ""The Monster"" Johnson","Moe Jhonson, Moe Muscles, Moe Johnson",American,Black
Brannon Rhodes,Unknown,Unknown,Unknown
Chris Streams,Unknown,Unknown,Unknown
Justice Young,Unknown,Unknown,Unknown
Steve Hatcher,Unknown,Unknown,Unknown
Claudio Meloni,Unknown,Unknown,Unknown
Francois Sagat,Azzedine,"Lebanese, French",Unknown
Cuntre Pipes,Unknown,Unknown,Unknown
Dany De Castro (Trans),Unknown,Unknown,Unknown
Dave Hardman,Unknown,Unknown,Unknown
Ben Kelly,Unknown,Unknown,Unknown
Max Hardcore,Unknown,Unknown,Unknown
Mateus Axel,Unknown,Unknown,Unknown
Chris Cannon,Unknown,Unknown,Unknown
Gabryelly Dumont,Unknown,Unknown,Unknown
Jeremy Joshua,Unknown,Unknown,Unknown
Randy Spears,"Gregg Ory, Greg Slavin, Randy Spear, Greg Ory",Unknown,Caucasian
David El Moreno,Unknown,Unknown,Unknown
Ralph Long,Unknown,Unknown,Unknown
Chris Johnson,Unknown,Unknown,Unknown
Jeremy Conway,Unknown,Unknown,Unknown
George Payne,Unknown,Unknown,Unknown
Jessie Lee,Unknown,American,Asian
Jeremy Long,Unknown,Unknown,Unknown
Gabor Simon Sziterovics,Unknown,Unknown,Unknown
Juliana Nogueira (Trans),Unknown,Unknown,Unknown
Renata Araujo,Unknown,Unknown,Unknown
Aaron True,Unknown,Unknown,Unknown
Remy Delaine,Unknown,Unknown,Unknown
Laszlo Zsiga,Unknown,Unknown,Unknown
Lord Marcus,Unknown,Unknown,Unknown
Joel Lawrence,Unknown,Unknown,Unknown
Jack Napier,Unknown,Unknown,Unknown
Jeremy Iron,Unknown,Unknown,Unknown
Marc Rose,Unknown,Unknown,Unknown
The Texas Meat,"Pussy Coach, TexasMeat",American,Latin
Ricky Rascal,"Ashlan Brutti, Asian Brutti, Ashlan Duke",Czech,Caucasian
Giorgio Grandi,Unknown,Unknown,Unknown
Nobuo Yamada,Unknown,Unknown,Unknown
John Legendary,Unknown,American,Black
Johnny Nitro,Unknown,Unknown,Unknown
Marty Romano,Unknown,Unknown,Unknown
Michael Cheritto,Unknown,Unknown,Unknown
Michael Brandon,"John Dryer, Mike Brandon",American,Caucasian
Pascal St James,Unknown,Unknown,Unknown
Skylar Blu,Skylar Blue,Unknown,Caucasian
Oliver Strelly,Unknown,Unknown,Unknown
Steve Austin,Unknown,Unknown,Unknown
Josh Jo,"Josh Dean, Josc Admiral, Joohn Syx, John Syx, Josh Admiral",French,Caucasian
Ed Junior,Unknown,Unknown,Unknown
Nathan Threat,Unknown,Unknown,Unknown
Benz Brown,Unknown,American,Black
Horst Baron,Unknown,Unknown,Unknown
Brandon Iron,Unknown,Unknown,Unknown
Demetri Xxx,Unknown,Unknown,Unknown
Mike Hawk,Unknown,Unknown,Unknown
Barbara Vasconcellos (Trans),Unknown,Unknown,Unknown
Jason Matrix,Unknown,Unknown,Unknown
Alana Mielle (Trans),Unknown,Unknown,Unknown
Johnny Thrust,Unknown,Unknown,Unknown
Chris Blaccwood,"Mr Blaccwood, Mr Blaccwod, Mr Blackwood",American,Black
Mark Sloan,Unknown,Unknown,Unknown
Kyle Stone,Unknown,Unknown,Unknown
Trevor Thompson,Unknown,Unknown,Unknown
Mark Anthony,Unknown,Unknown,Unknown
Sonny Hicks,Unknown,Unknown,Unknown
Rick Patrick,Unknown,Unknown,Unknown
Emilio Sands,Unknown,Unknown,Unknown
Backey Jakic,Unknown,Unknown,Unknown
Rod Daily,"Rob Daily, Rod Dailey",American,Caucasian
Brad Montana,Unknown,Unknown,Caucasian
Scott Lyons,Unknown,Unknown,Unknown
Dale Dabone,Unknown,Unknown,Unknown
Emmanuel Torquemada,Unknown,French,Caucasian
An Epic Boy,"Luca Pfister, AnEpicBoy",Unknown,Caucasian
Tony Fontana,Unknown,American,Latin
Karlo Karrera,Unknown,Unknown,Unknown
Jason Moody,Jason Moddy,American,Caucasian
Tj Cummings,Unknown,Unknown,Unknown
Jody Breeze,Unknown,Unknown,Unknown
Porno Dan,Dan Leal,American,Unknown
Julian St. Jox,Unknown,Unknown,Unknown
Shun Tasaki,Unknown,Unknown,Unknown
Ethan Cage,Unknown,Unknown,Unknown
Frank Gun,Unknown,Unknown,Unknown
Rod Steel,Unknown,Unknown,Unknown
Martin Es,Unknown,Unknown,Unknown
Bruno Sx,Unknown,Unknown,Caucasian
Axel Truu,Axel TruuBi,Unknown,Caucasian
Robin Reid,Unknown,Unknown,Caucasian
Lauro Giotto,Unknown,Unknown,Unknown
Johnny Pistol,Unknown,Unknown,Unknown
Tyler Knight,Unknown,Unknown,Unknown
Bob Terminator,Unknown,Unknown,Unknown
Emilio Ardana,"Emilo Ardana, Emilio Ardano, Pablo, Emilio Ardanna, Caleb Roca, Elmilio Ardana, Emilio The Machine, Toni",Spanish,Caucasian
Moisex,Roni,Spanish,Latin
Alex Victor,Unknown,Unknown,Unknown
Andrea Mel (Trans),Unknown,Unknown,Unknown
Sonny Nash,Unknown,Unknown,Caucasian
Jack Lawrence,Unknown,Unknown,Unknown
Alan Stafford,Unknown,Unknown,Unknown
Zenza Raggi,"Zanzaraki, Karim Schubert, Karim Syles, Akin Guzol","German, Moroccan",Unknown
Enzo Jaguar,"Enzo Jageur, Chris",French,Black
Rocco Reed,Unknown,Unknown,Unknown
Matheus Alves,Paccoo,Unknown,Caucasian
Jake Adams,Unknown,Unknown,Caucasian
Potro De Bilbao,"El Potro de Bilbao, Potro Bibao",Spanish,Latin
Spencer Fox,"Trent Forrest, Madman Hoffman",Unknown,Caucasian
Jean Pallett,Unknown,Unknown,Unknown
Fat Fucker,Unknown,Unknown,Unknown
Mr. Pete,Unknown,Unknown,Unknown
Craig Moore,Unknown,Unknown,Unknown
Derrick Pierce,Unknown,Unknown,Unknown
Max London,Unknown,Unknown,Unknown
Natalia Ruiz (Trans),Unknown,Unknown,Unknown
Nick Manning,Unknown,Unknown,Unknown
Jason Zupalo,Unknown,Unknown,Unknown
Izadora Venturiny,Unknown,Unknown,Unknown
Diether Von Stein,Unknown,Unknown,Unknown
Rock The Icon,Unknown,Unknown,Unknown
Jack Venice,Unknown,Unknown,Unknown
Dick Chibbles,Unknown,Unknown,Unknown
Brian Pumper,Unknown,Unknown,Unknown
Cheyne Collins,Unknown,Unknown,Unknown
Renata (Trans),Unknown,Unknown,Unknown
Bobby Vitale,Unknown,Unknown,Unknown
Mc Lovin,Unknown,Unknown,Unknown
Mario Rossi,Unknown,Unknown,Unknown
Alex Sen,Unknown,Unknown,Black
Marcel Lee,Unknown,Unknown,Unknown
Alex Rox,Unknown,Unknown,Unknown
Hugo Godfroy,Unknown,Unknown,Caucasian
Johan Archiles,Unknown,Venezuelan,Latin
Johnny Toxic,Unknown,Unknown,Unknown
Ben Solo,Unknown,Unknown,Unknown
Bruna Azevedo,Unknown,Unknown,Unknown
Matt Woody,Unknown,Unknown,Unknown
Alana Ferreira (Trans),Unknown,Unknown,Unknown
Blue Bailey,Unknown,American,Caucasian
Aaron Stuart,Unknown,Unknown,Unknown
Nicholas Taylor,Unknown,Unknown,Unknown
Sebastian Keys,"Sebastian Keyes, Sebastian Spence, Sebastian Spiers",American,Caucasian
Mr Gus,Unknown,Unknown,Unknown
Andrew Marshall,"Yan, AirX, Andreas Andrei, Andrei",Unknown,Caucasian
Rick Hard,Unknown,Canadian,Caucasian
Leslie Taylor,Unknown,Unknown,Unknown
Jay Ashley,Unknown,Unknown,Unknown
Anthony Rosano,Unknown,Unknown,Unknown
Sebastian Barrio,Unknown,French,Caucasian
Xavi Tralla,Unknown,Unknown,Unknown
Tim White,Unknown,Unknown,Unknown
Soldier Boi,Solider Boi,American,Black
Dirk Huge,Unknown,Unknown,Unknown
Ryan Knox,Unknown,Unknown,Unknown
Ekzavir Falcon Wray,Unknown,Unknown,Unknown
Pike Nelson,Unknown,Unknown,Unknown
Dirk Wakefield,Unknown,American,Caucasian
Jon Perignon,Unknown,Canadian,Caucasian
Jason Wright,Unknown,Unknown,Unknown
Aj Sloan,Unknown,American,Black
Michelle Raineri (Tr),Unknown,Unknown,Unknown
Daiane Callegare,Unknown,Unknown,Unknown
Michael Jerome,Unknown,Unknown,Unknown
Steve Turbo,Unknown,Unknown,Unknown
Dick Nasty,Unknown,Unknown,Unknown
Yanick Shaft,"J. Scott, Martin Kalif, Ian Scot",French,Caucasian
Tony Tigrao,Unknown,Unknown,Unknown
Billy Banks,Unknown,Unknown,Unknown
Patricia Sereia,Unknown,Unknown,Unknown
Philippe Soine,Unknown,Unknown,Unknown
Renata Davilla,Unknown,Unknown,Unknown
David Stanley,Unknown,Unknown,Unknown
Kurt Lockwood,Unknown,Unknown,Unknown
Shave Philips,Unknown,Unknown,Unknown
Joyce Naturelly (Trans),Unknown,Unknown,Unknown
Jay Huntington,Unknown,Unknown,Unknown
Paola (Trans),Unknown,Unknown,Unknown
Danny Wylde,Danny Wilde,Unknown,Caucasian
Jimmy Bright,Unknown,Unknown,Unknown
Chris Banger,Unknown,American,Latin
Brando Marlin,Unknown,Unknown,Unknown
Josh Hunter,Unknown,Unknown,Unknown
Trent Soluri,Unknown,Unknown,Unknown
Steve Nelson,Unknown,Unknown,Unknown
Jesse Stone,Jesse Fisher,American,Caucasian
Dartilly Ritiely,Unknown,Unknown,Unknown
Troy Michaels,Unknown,Unknown,Caucasian
Martin Gun,Unknown,Unknown,Unknown
Pierre Palladine,Unknown,Unknown,Unknown
Jimmy Collins,Unknown,Unknown,Caucasian
Justin Round,Unknown,Unknown,Unknown
Jonny Slim,Unknown,Unknown,Unknown
Johnny Deep,Unknown,Unknown,Unknown
Eric Masterson,Unknown,Unknown,Unknown
Ezra Grey,Unknown,Unknown,Unknown
Billy Hart,Unknown,Unknown,Unknown
Fabricia Lorraine,Unknown,Unknown,Unknown
Jj Oneil,Unknown,Unknown,Unknown
Victor,Unknown,Unknown,Unknown
Ice Cold,Unknown,Unknown,Unknown
Michael Maloney,Unknown,Unknown,Unknown
Adriano Becker,Unknown,Unknown,Unknown
Guiherme Tavare,Unknown,Unknown,Unknown
Ricky Valentino,Unknown,Unknown,Unknown
Andy West,Unknown,Unknown,Unknown
Kaution Kidd,Unknown,Unknown,Unknown
Michelly Matorel,Unknown,Unknown,Unknown
Polla Misteriosa,Unknown,Unknown,Unknown
Bruno Perez,Unknown,Unknown,Unknown
Nico London,Unknown,Unknown,Unknown
Cock Diesel,Unknown,Unknown,Unknown
Carlos Bazuca,Unknown,Unknown,Unknown
Chris Young,Unknown,Unknown,Unknown
Mike Deez,Unknown,Unknown,Unknown
Obed (Bi),Unknown,Unknown,Unknown
Adam Jannin,Unknown,Unknown,Unknown
Neil Stevens,Unknown,Unknown,Unknown
Kamil Kasprik,Unknown,Unknown,Caucasian
Joey Brass,Unknown,Unknown,Unknown
Devils Kos,Unknown,Russian,Caucasian
Aline Ferrari (Trans),Unknown,Unknown,Unknown
Eduardo,Unknown,Unknown,Unknown
Prodigy X,Unknown,Unknown,Unknown
Tomy Lee,Unknown,Unknown,Unknown
Peter Shaft,Unknown,Unknown,Unknown
Ty Roderick,Unknown,"Italian, Irish",Caucasian
Silvio Luis,Unknown,Unknown,Unknown
Gail Miler,Unknown,Unknown,Unknown
Atilla Dori,Unknown,Unknown,Unknown
Johnny Cockfill,Unknown,Unknown,Unknown
Axel Angelise,Unknown,American,Caucasian
Black Prince,Curtis,French,Black
Kevin James,Unknown,Unknown,Unknown
Sean Silver,Unknown,Unknown,Unknown
Felipe Marques,Unknown,Unknown,Unknown
Ethan Hunt,Unknown,Unknown,Unknown
Seth Strong,Unknown,Unknown,Unknown
Peter Lee,Unknown,Unknown,Unknown
Jerry Kovak,Unknown,Unknown,Unknown
Rick Shameless,Unknown,Unknown,Unknown
Will Evans,Unknown,Unknown,Unknown
Ricco Puentes,Unknown,Unknown,Unknown
Valter Karotti,Unknown,Russian,Caucasian
Zack Thomas,Unknown,Unknown,Unknown
Guy Tavares,Unknown,Unknown,Unknown
Alex Sao Paolo,Unknown,Unknown,Unknown
Lee Henshaw,Unknown,Unknown,Unknown
Landon Conrad,Brandon Landon,Unknown,Unknown
Tt Boy,Unknown,Unknown,Unknown
Joe Friday,Unknown,Unknown,Unknown
Laviny Albuquerque,Unknown,Unknown,Unknown
Elizabeth Hurly,Unknown,Unknown,Unknown
Longrod Vonhungendong,Unknown,Unknown,Unknown
Bruna Butterfly (Trans),Unknown,Unknown,Unknown
Phil Lander,Unknown,Unknown,Unknown
Brett Rockman,Unknown,Unknown,Unknown
Jon Dough,Unknown,Unknown,Unknown
Justin Max,Unknown,Unknown,Unknown
David Loso,Unknown,Unknown,Unknown
Nikko Knight,Unknown,Unknown,Unknown
Mr Clark,Unknown,Unknown,Unknown
Frank Towers,Unknown,Unknown,Unknown
Joseph Depp,Unknown,American,Caucasian
Mickey Ray,Unknown,Unknown,Unknown
Barabara Vasconcellos,Unknown,Unknown,Unknown
Isabela Medeiros (Trans),Unknown,Unknown,Unknown
Justin Slayer,Unknown,Unknown,Unknown
Jack King,"Jason Lewis, Dex Carter, Buddy Royals, Buddy Boy, Buddy Davis",American,Caucasian
Adam Wood,Unknown,Unknown,Unknown
Antonio Ross,Unknown,Unknown,Unknown
Shawn Diesel,Unknown,Unknown,Unknown
Steve James,Unknown,Unknown,Unknown
Jorge Freitas,Unknown,Unknown,Unknown
Frank Black,Unknown,Unknown,Unknown
David White,Unknown,Unknown,Unknown
Jeff Keane,Unknown,Unknown,Unknown
Pauly Harker,"Pauly Hark, Paul Harker",Unknown,Unknown
Jake Jace,Unknown,Unknown,Unknown
Romeo Price,Unknown,Unknown,Unknown
Cj Wright,Unknown,Unknown,Unknown
Zander Kelly,Unknown,Unknown,Unknown
Alan Gwada,"Houka Hou, Houka Ha",French,Black
Lee Bang,Unknown,Unknown,Unknown
Codi Lewis,Unknown,Unknown,Unknown
Jay Lassiter,Unknown,Unknown,Unknown
Lazlo (Bi),Unknown,Unknown,Unknown
Ayato Matsuki,Unknown,Unknown,Unknown
Lance Hardwood,Unknown,Unknown,Unknown
Keny May,Unknown,American,Caucasian
Dylan Hauser,Dylan Hausser,American,Caucasian
Felix Lins,Unknown,Unknown,Unknown
Eric Price,Unknown,Unknown,Unknown
Tony Swan,Unknown,Unknown,Unknown
Rob Diesel,Unknown,Unknown,Unknown
Joe Blow,Unknown,Unknown,Unknown
Andrew Blue,Unknown,American,Caucasian
Damien Michaels,Unknown,Unknown,Unknown
Alec Metro,Unknown,Unknown,Unknown
Leticia Compoy,Unknown,Unknown,Unknown
Austin Cole,Unknown,American,Caucasian
Diego De La Torre,Unknown,Unknown,Unknown
Johnny Blaster,Unknown,American,Caucasian
Jason Cox,Unknown,Unknown,Unknown
Si Watts,Unknown,Unknown,Unknown
Troy Halston,Unknown,Unknown,Unknown
Dex Maghuan,Unknown,Unknown,Unknown
Stephen Hard,Unknown,Unknown,Unknown
Blake Jordan,Unknown,American,Caucasian
Terry Reid,Unknown,Unknown,Unknown
Calvin Koons,Unknown,American,Unknown
Austin Keys,Unknown,American,Black
Rick Angel,Eric Martin,French,Caucasian
Max Deeds,Unknown,Welsh,Caucasian
Mr. Marcus,Unknown,Unknown,Unknown
Peter Fields,Unknown,American,Caucasian
Mr. Ialas,Unknown,Unknown,Unknown
Christopher Daniels,"Casey Daniels, Chris Daniels",Canadian,Caucasian
River Legendary,Unknown,Unknown,Caucasian
Cristian Tanner,Unknown,American,Caucasian
Devin Dixon,Unknown,American,Caucasian
Chase Harding,Unknown,American,Caucasian
Boston Miles,Unknown,American,Caucasian
Pimp Blue,Unknown,Unknown,Unknown
Gisella Mabarak,Unknown,Unknown,Unknown
Igor Negao,Unknown,Unknown,Unknown
Joey Lawford,Unknown,Unknown,Unknown
Mirella Queiroz,Unknown,Unknown,Unknown
Hamilton Steele,Unknown,Unknown,Unknown
Fabio Vilag,Unknown,Unknown,Unknown
Scott Styles,Unknown,Unknown,Unknown
Eric Bedenashvili,Unknown,Unknown,Unknown
Luis Bigdog,Unknown,Unknown,Unknown
Billy Dewitt,Unknown,Unknown,Unknown
Cj Sinz,Unknown,Unknown,Unknown
Billy Tyler,Unknown,Unknown,Unknown
Lorena Smith,Unknown,Unknown,Unknown
Adam Hanks,Unknown,Unknown,Unknown
Jeremy Holmes,Unknown,Unknown,Unknown
Susumu Tasaki,Unknown,Unknown,Unknown
Breno Biaggi,Unknown,Unknown,Unknown
Monty Memphis,Unknown,Unknown,Unknown
Panama Jack,Unknown,Unknown,Unknown
Jack Fantasy,Unknown,Unknown,Unknown
Johnny Niceguy,Unknown,Unknown,Unknown
Les Tucker,Unknown,Unknown,Unknown
Troy Ocean,Unknown,Unknown,Unknown
Giovanni Valente,Unknown,Unknown,Unknown
Trick Dixxon,Unknown,Unknown,Unknown
Jason Katana,Unknown,Unknown,Unknown
Jack Fountain,Unknown,Unknown,Unknown
Malvin Blackwell,Unknown,Unknown,Unknown
Jonathan Simms,Unknown,Unknown,Unknown
Tj Cox,Unknown,Unknown,Unknown
Alexandre Pernambuco,Unknown,Unknown,Unknown
King James,Unknown,Unknown,Unknown
Mac Turner,Unknown,Unknown,Unknown
Jim Beem,Unknown,Unknown,Unknown
Big Johnny,Unknown,Unknown,Unknown
Pablo Montejo,Unknown,Unknown,Unknown
Chris Evans,Unknown,Unknown,Unknown
Alexander Gromdy,Unknown,Unknown,Unknown
Jason Arrow,Unknown,Unknown,Unknown
Dutch Morgan,Unknown,Unknown,Unknown
James Eaton,Unknown,Unknown,Unknown
Hard On Hamish,Unknown,Unknown,Unknown
Justin Thyme,Unknown,Unknown,Unknown
Justin Blayde,Unknown,Unknown,Unknown
Mateo Tomas,Unknown,Unknown,Caucasian
Suyane Dantas (Trans),Unknown,Unknown,Unknown
Mark Davis,Unknown,Unknown,Caucasian
Alex Maetnyi,Unknown,Unknown,Unknown
Don Hollywood,Unknown,Unknown,Unknown
Tom Byron,Unknown,Unknown,Unknown
Wally Radburn,Unknown,Unknown,Unknown
Black Jack,Unknown,Unknown,Unknown
Paulo Guina,Unknown,Unknown,Unknown
Stevie Boy,Unknown,Unknown,Unknown
Richard Kline,Unknown,Unknown,Unknown
Alexandre Senna,Unknown,Unknown,Unknown
Chris Cumshot,Unknown,Unknown,Unknown
Jared Steed,Unknown,Unknown,Unknown
John Espizedo,Unknown,Unknown,Unknown
Max Fonda,Unknown,Unknown,Unknown
Rakel Rodrigues,Unknown,Unknown,Unknown
Logan Exx,Unknown,Unknown,Unknown
Hunter Silva,Unknown,Unknown,Unknown
Alex B,Unknown,Unknown,Unknown
Castro Supreme,Unknown,Unknown,Unknown
Marc Williams,Unknown,Unknown,Unknown
Sean Evans,Unknown,Unknown,Unknown
Martin Schneider,Unknown,Unknown,Unknown
Laura Trajano,Unknown,Unknown,Unknown
Renata Ferras,Unknown,Unknown,Unknown
Jeremy Steele,Unknown,Unknown,Unknown
Tony Lee,Unknown,Unknown,Unknown
Mason Diggs,Unknown,Unknown,Unknown
Nikolly Gauch (Trans),Unknown,Unknown,Unknown
Rado Zuska,Unknown,Unknown,Unknown
Carla Amanda Davilla,Unknown,Unknown,Unknown
Don (Bi),Unknown,Unknown,Unknown
L.t.,Unknown,Unknown,Unknown
Nek Sinner,Nek Junior,Greek,Caucasian
Rikki Lixxx,Unknown,Unknown,Unknown
Carol Vandramine,Unknown,Unknown,Unknown
Anton Lukovkin,Unknown,Unknown,Unknown
Tony Sexton,Unknown,Unknown,Unknown
Corey Bucks,Unknown,Unknown,Unknown
Myke Glory,Unknown,Unknown,Unknown
Peterson Carioca,Unknown,Unknown,Unknown
Kenny Jacobs,Unknown,Unknown,Unknown
Alber Charles,Unknown,Unknown,Unknown
Antonio Benderass,Unknown,Unknown,Unknown
Brad Hardy,Unknown,Unknown,Unknown
Bruno Stigmata,Unknown,Unknown,Unknown
Pretty Tony,Unknown,Unknown,Unknown
Randy Redwood,Unknown,Unknown,Unknown
Fxxk Buck,Fuck Buck,American,Caucasian
Dax Star,Unknown,Unknown,Unknown
Matty Jay,Unknown,Unknown,Unknown
Shawn Copafeel,Unknown,Unknown,Unknown
Juan Z,Unknown,Unknown,Unknown
Ruka Stone,Unknown,Unknown,Unknown
Colt Steel,Unknown,Unknown,Unknown
Van Damage,Unknown,Unknown,Unknown
Igor Geragimor,Unknown,Unknown,Unknown
Van Marco,Unknown,Unknown,Unknown
Tucker Slaine,Unknown,Unknown,Unknown
Gabriel Clark,Unknown,Unknown,Unknown
Johnny Swagg,Unknown,Unknown,Unknown
Quentin Valentino,Unknown,Unknown,Unknown
Lukas Prenolsi,Unknown,Unknown,Caucasian
Joe Franco,Unknown,Unknown,Unknown
Joey Ray,Unknown,Unknown,Unknown
Brenda Lohan (Trans),Unknown,Unknown,Unknown
Wayne Scott-Fox,Unknown,Unknown,Unknown
Jaqueline Araujo,Unknown,Unknown,Unknown
K.t.,Unknown,Unknown,Unknown
Otto Bauer,"Otto Baumer, Eric Jeter",Unknown,Caucasian
Paul Lee,Unknown,Unknown,Unknown
Carter Stevens,Unknown,Unknown,Unknown
J Rose,Unknown,Unknown,Unknown
Ju Osmark (Trans),Unknown,Unknown,Unknown
Oleg Deulnin,Unknown,Unknown,Unknown
Cristian Frey,Unknown,Unknown,Unknown
Rada Vacatko,Unknown,Unknown,Unknown
George Reno,Unknown,Unknown,Unknown
Jennifer Heloizy (Trans),Unknown,Unknown,Unknown
Adam Zarsky,Unknown,Unknown,Unknown
Gabriela Martins (Trans),Unknown,Unknown,Unknown
Billy Elliott,Unknown,Unknown,Unknown
Fernanda Lohany (Trans),Unknown,Unknown,Unknown
Vitor Gaucho,Unknown,Unknown,Unknown
Ron Die,Unknown,Unknown,Unknown
Adriana Ventury,Unknown,Unknown,Unknown
Jd Daniels,Unknown,Unknown,Unknown
Marco Bon Phoenix,Unknown,Unknown,Unknown
Matt Bixel,Unknown,Unknown,Unknown
Thomas Crown,"Tommy, Thomas Green, Tom Holland, Tomas Hyksa, Tomash Lee, Tarzan Hyka, Thomas Manial, Tomas Jondi, Tomas Boyd, Thomas Krown",Unknown,Unknown
Marcio Pittbull,Unknown,Unknown,Unknown
John Long,"JLong, Mr Long",American,Black
Mike Foster,Unknown,Unknown,Unknown
Ricardo Bell,Unknown,Unknown,Unknown
Laryssa Monteiro,Unknown,Unknown,Unknown
Eduarda Guimmaraes,Unknown,Unknown,Unknown
Anthony Guimenez,Unknown,Unknown,Unknown
Colton Casey,Unknown,American,Caucasian
Falcon X,Unknown,Unknown,Unknown
Eddie Charisma,Unknown,Unknown,Unknown
Frazer Fox,Unknown,Unknown,Unknown
Leticia De Castro,Unknown,Unknown,Unknown
Vincent Vega,"Jamie Strelking, Brian, Vincent, Artiom, Vega Strelkin, Arty, Jamie, Vega",Unknown,Caucasian
Sandro Bulock,Sandro Bullack,Unknown,Unknown
Debora (Trans),Unknown,Unknown,Unknown
Marc Cleary,Unknown,Unknown,Unknown
Michael Hurt,Unknown,Unknown,Unknown
Matt Lee,Unknown,Unknown,Unknown
Adam Black,Unknown,Unknown,Unknown
Till Kraemer,Unknown,Unknown,Unknown
Daryl Spanner,Unknown,Unknown,Unknown
Chase Stevens,Chase Stephens,Unknown,Unknown
Sergey Vorobev,Unknown,Unknown,Unknown
Alexandre Castro,Unknown,Unknown,Unknown
Jeff Coldwater,Unknown,Unknown,Unknown
Aline Fontinelly (Trans),Unknown,Unknown,Unknown
Viktor Kiss,Unknown,Unknown,Unknown
Tyler French,Unknown,Unknown,Caucasian
Scott Harder,Unknown,Unknown,Unknown
Matt Hazard,Unknown,Unknown,Unknown
Steven Steelburg,Unknown,Unknown,Unknown
Tommy Bravo,Unknown,Unknown,Unknown
Nathan Eclain,Unknown,Unknown,Unknown
Tongta (Trans),Unknown,Unknown,Unknown
Gary Boldiszar,Unknown,Unknown,Unknown
Austin Black,Unknown,Unknown,Unknown
Joey Cage,Unknown,Unknown,Unknown
Junior Veroneze,Unknown,Unknown,Unknown
Nicolas Bee,Unknown,Unknown,Unknown
Rick Solares,Unknown,Unknown,Unknown
Derek Zane,Unknown,Unknown,Unknown
Anna Hickhiman (Trans),Unknown,Unknown,Unknown
Allessandra Leite (Trans),Unknown,Unknown,Unknown
Rick Kane,Unknown,Unknown,Unknown
Marcelo Caetano,Unknown,Unknown,Unknown
Hans Ryder,Unknown,Unknown,Unknown
William Carioca,Unknown,Unknown,Unknown
Jordan Foster,Unknown,American,Caucasian
Rayko Filhips,Unknown,Unknown,Unknown
Steve Powers,Unknown,Unknown,Unknown
Max Cortes,Unknown,Unknown,Unknown
Seb Cam,Unknown,Unknown,Unknown
Micky Ray,Unknown,Unknown,Unknown
Chocoboll Mukie,Unknown,Unknown,Unknown
David Steele,Unknown,Unknown,Unknown
Robert Mester,Bob Mester,Unknown,Unknown
Ryan Angel,Unknown,Unknown,Unknown
Riki Bombon,Unknown,Unknown,Unknown
Brenda Jhon,Unknown,Unknown,Unknown
Peter Delmar,Unknown,Unknown,Unknown
Henrique Silva,Unknown,Unknown,Unknown
Andrew Rivera,Unknown,Unknown,Unknown
Eddie James,Unknown,Unknown,Unknown
Adam Wilde,Unknown,Unknown,Unknown
Paul Coxxx,Unknown,Unknown,Unknown
Randy Rodman,Unknown,Unknown,Unknown
Nill Black,Unknown,Unknown,Unknown
Gotti,Unknown,Unknown,Unknown
Alessandra Leite (Trans),Unknown,Unknown,Unknown
Edu Costa,Unknown,Unknown,Unknown
Myke Jones,Unknown,Unknown,Latin
Kaio Castro,Unknown,Unknown,Unknown
Matias Cordoba,Unknown,Unknown,Unknown
Paulette Lauur,Unknown,Unknown,Unknown
Juliana Campos,Unknown,Unknown,Unknown
Philippe Dean,"Philip Dean, Philippe Mouhou, Jean Philippe, Mike Dean, Philippe Henger",French,Caucasian
Nessy (Trans),Unknown,Unknown,Unknown
Morena Michelli,Unknown,Unknown,Unknown
Dick Tracy,Unknown,Unknown,Unknown
Eric Jover,Unknown,Unknown,Unknown
Marina Cordoba,Unknown,Unknown,Unknown
Gordon Sergey,Unknown,Unknown,Unknown
Patrick Great,Unknown,Unknown,Unknown
Alan Benfelen,Unknown,Unknown,Unknown
Wein Lewis,Unknown,Unknown,Unknown
J.t. Money,Unknown,Unknown,Unknown
Brendon Miller,Unknown,Unknown,Unknown
Little Blunt,Unknown,Unknown,Unknown
Jack Blue,Unknown,Unknown,Unknown
Nick Jacobs,Unknown,Unknown,Unknown
Gala (Trans),Unknown,Unknown,Unknown
Mike Lucci,Unknown,Unknown,Unknown
Natasha Dumont,Unknown,Unknown,Unknown
Kaique Souza,Unknown,Unknown,Unknown
Michelle Ranieri (Trans),Unknown,Unknown,Unknown
Dildo Gomez,Unknown,Unknown,Unknown
Alex Varra,Taylor Reign,American,Caucasian
Leonardo Frezzati,Unknown,Unknown,Unknown
Jonata Caum,Unknown,Unknown,Unknown
Farkas Zoltan,Unknown,Unknown,Unknown
Jhonathan Kawa,Unknown,Unknown,Unknown
Big Sid,Unknown,Unknown,Unknown
Dillan Andrews,Unknown,Unknown,Unknown
Luke Cross,Unknown,Unknown,Unknown
Leo Galvez,Unknown,Unknown,Unknown
Steven Waye,Unknown,Unknown,Unknown
Arty Cheys,"Komil, Oushen Orue, Robby, Robien Gun, Liam",Russian,Caucasian
Dmitriy Vavilov,Unknown,Unknown,Unknown
Tyler Menutt,Unknown,Unknown,Unknown
Kazuhiko Osaku,Unknown,Unknown,Unknown
S (Trans),Unknown,Unknown,Unknown
Dru Blake,Unknown,Unknown,Unknown
Nick Taylor,Unknown,Unknown,Unknown
Johnny Fender,Unknown,Unknown,Unknown
Libor Manak,Unknown,Unknown,Unknown
War Machine,Unknown,Unknown,Unknown
Regis Rodrigues,Unknown,Unknown,Unknown
Johnny Jacobs,Unknown,Unknown,Unknown
Kevin Ruben,Unknown,Unknown,Unknown
Prettz Gettz,Unknown,Unknown,Unknown
Jiggy Jeff,Unknown,Unknown,Unknown
Dino Dinoni,Unknown,Unknown,Unknown
Roger Venturini,Unknown,Unknown,Unknown
Jay Cruz,Unknown,Unknown,Unknown
Jordan Lane,Unknown,Unknown,Unknown
Adan Persio,Unknown,Unknown,Unknown
Ryan James,Unknown,Unknown,Unknown
Edmilson Martins,Unknown,Unknown,Unknown
Michal Berky,Unknown,Unknown,Unknown
Dray Stone,Unknown,Unknown,Unknown
Frank Anthony,Unknown,Unknown,Unknown
Billy Long,Unknown,Unknown,Unknown
Dylian Marshal,Unknown,Unknown,Unknown
Miles Long,Unknown,Unknown,Unknown
Liam Lockran,Unknown,Unknown,Unknown
Kawan Silveira,Unknown,Unknown,Unknown
Lance Kincaid,Unknown,Unknown,Unknown
Ricardo Zambrini,Unknown,Unknown,Unknown
Mike Boyd,Unknown,Unknown,Unknown
Deither Von Stein,Unknown,Unknown,Unknown
Joe Holms,Unknown,Unknown,Unknown
Karel Barta,Unknown,Unknown,Unknown
Kaike Montani,Unknown,Unknown,Unknown
Tony Uttley,Unknown,Unknown,Unknown
Forjan Gabor,Unknown,Unknown,Unknown
Kaua Conalta,Unknown,Unknown,Unknown
Dylan Blake,Unknown,Unknown,Unknown
Pit Bull,Unknown,Unknown,Unknown
Tacio Santos,Unknown,Unknown,Unknown
Ariadny Oliver (Trans),Unknown,Unknown,Unknown
Stecan Mcchaels,Unknown,Unknown,Unknown
Bo Randall,Unknown,Unknown,Unknown
Orion Cross,Unknown,Unknown,Unknown
Kubicek Libor,Unknown,Unknown,Unknown
Dean Maxx,Unknown,Unknown,Unknown
Johnny Rocket,Unknown,Unknown,Unknown
Joey Angel,Unknown,Unknown,Unknown
Mr Winkel,Unknown,Unknown,Unknown
Pit Garcia,Unknown,Unknown,Unknown
Alex Becker,Unknown,Unknown,Unknown
Arcanjo Amaro,Unknown,Unknown,Unknown
Vince Velvet,Unknown,Unknown,Unknown
Ramon Darknight,Unknown,Unknown,Unknown
Jose Martinez,Unknown,Unknown,Unknown
Luke Hotrot,Unknown,Unknown,Unknown
Leonardo Farias,Unknown,Unknown,Unknown
Lee Stephens,Unknown,Unknown,Unknown
James Matarazo,Unknown,Unknown,Unknown
Martin Vick,Unknown,Unknown,Unknown
Drew Edwards,Unknown,Unknown,Unknown
Earl Slate,Unknown,Unknown,Unknown
Nikita Kolpakov,Unknown,Unknown,Unknown
Jose Luis,Unknown,Unknown,Unknown
Paul Niwat,Unknown,Unknown,Unknown
Lavinia Silva,Unknown,Unknown,Unknown
Dan Stallion,Unknown,Unknown,Unknown
Isabelly Killer (Trans),Unknown,Unknown,Unknown
Remigio Zampa,Unknown,Unknown,Unknown
Tony Martino,Unknown,Unknown,Unknown
Lloyd Platinum,Unknown,Unknown,Unknown
Carla Tavares,Unknown,Unknown,Unknown
Logan Long,Damon,American,Caucasian
Rayane Lenox (Trans),Unknown,Unknown,Unknown
Andrea Moranty,Unknown,Unknown,Unknown
Jonny G,Unknown,Unknown,Unknown
Jack Hammer,Unknown,Unknown,Unknown
Louie Smalls,"A$VP Louie, Louie T",Haitian,Black
Devon Savage,Unknown,Unknown,Unknown
Rafael Fellipo,Unknown,Unknown,Unknown
Claudia Bittencourt (Trans),Unknown,Unknown,Unknown
James Ferreira,Unknown,Unknown,Unknown
Lukas Trojan,Unknown,Unknown,Unknown
James Franko,Unknown,Unknown,Unknown
Drizzy,Drizzy Rain,Unknown,Black
Aron Ros,Unknown,Unknown,Unknown
Pamela Bueno,Unknown,Unknown,Unknown
Maven Secrets,Unknown,Unknown,Caucasian
Luiggi Knowles,Unknown,Unknown,Unknown
Ty Tucker,Ty Larson,American,Caucasian
Joe Laughlin,Unknown,Unknown,Unknown
Sean Diggs,Unknown,Unknown,Unknown
Lucas Vitello,Ian,Unknown,Latin
Alex Granger,Unknown,Unknown,Unknown
Joe Monti,Unknown,Unknown,Unknown
Jason Mccain,Unknown,Unknown,Unknown
Steve Taylor,Unknown,Unknown,Unknown
Mauro Reis,Unknown,Unknown,Unknown
Mike Hilton,"Mr Hilton, Mike",French,Caucasian
Kahylla Mahammad,Unknown,Unknown,Unknown
Michael Knight,Unknown,Unknown,Unknown
Mikey Jones,Unknown,Unknown,Unknown
Olivier Sanchez,Unknown,Unknown,Unknown
Rayssa Barbie,Unknown,Unknown,Unknown
Da Kidd,Unknown,Unknown,Unknown
Andre Gaucho,Unknown,Unknown,Unknown
Paula Freire,Unknown,Unknown,Unknown
Jr King,Unknown,Unknown,Unknown
Cash Montague,Unknown,Unknown,Unknown
Enzo Lorenzo,Unknown,Unknown,Unknown
Jay Dog,Unknown,Unknown,Unknown
Karl Kinkaid,Unknown,Unknown,Unknown
Rebeche Rayala,Unknown,Unknown,Unknown
Brandon Fox,Unknown,Unknown,Unknown
Matt Daddy,Unknown,Unknown,Unknown
Terry Hall,Unknown,Unknown,Unknown
Ryan Hester,Unknown,Unknown,Unknown
Brenner Bolton,"Brenner, Dalton Pierce",American,Caucasian
Denys Cult,Unknown,Unknown,Unknown
Shane Dizzle,Unknown,Unknown,Unknown
Tre Cool,Unknown,Unknown,Unknown
Damian Michaels,Unknown,Unknown,Unknown
Justin The Beast,Unknown,Unknown,Unknown
Jack Logan,Unknown,Unknown,Unknown
Mirela Abelha,Unknown,Unknown,Unknown
King Dingo,Unknown,Unknown,Unknown
Victor Kiss,Unknown,Unknown,Unknown
Andicen Stiff,Unknown,Unknown,Unknown
Kory Houston,"Apprentice Ryan, Marcus Ryan, Mark Smith, Elder Addison",American,Caucasian
Andrew Wade,Unknown,Unknown,Unknown
El Fantom,Unknown,Unknown,Unknown
Angelina (Trans),Unknown,Unknown,Unknown
Vinny Tyler,Unknown,Unknown,Unknown
C Lo,Unknown,Unknown,Unknown
Jonny Zinn,Unknown,Unknown,Unknown
Herus Max,Unknown,Unknown,Unknown
Jozy (Bi),Unknown,Unknown,Unknown
Pappa Wadd,Unknown,Unknown,Unknown
Ronnie Fernandez,Unknown,Unknown,Unknown
Mick Smith,Unknown,Unknown,Unknown
Antony Gimenez,Unknown,Unknown,Unknown
Mia (Trans),Unknown,Unknown,Unknown
Meat Puppet,Unknown,Unknown,Unknown
Phat Zane,Unknown,Unknown,Unknown
Bruno Mendes,Unknown,Unknown,Unknown
Nick Niter,Unknown,Unknown,Unknown
Quiet Storm,Unknown,Unknown,Unknown
Sam Shaft,Unknown,Unknown,Unknown
Fabricia Moreno (Trans),Unknown,Unknown,Unknown
Natty (Trans),Unknown,Unknown,Unknown
Alan Marcelo,Unknown,Unknown,Unknown
Tony Montana,Unknown,Unknown,Unknown
Douglas Torres,Unknown,Unknown,Unknown
Andres Garcia,Andre Garcia,Unknown,Unknown
Dane Cross,Unknown,Unknown,Unknown
Miklos Czidor,Unknown,Unknown,Unknown
Taylor Dante,Unknown,Unknown,Unknown
Bob Crane,Unknown,Unknown,Unknown
Alec Trerilian,Unknown,Unknown,Unknown
Gabriel Samyer,Unknown,Unknown,Unknown
Alan Nielson,Unknown,Unknown,Unknown
Kevin M,Unknown,Unknown,Unknown
Swiss Balls,Unknown,Unknown,Unknown
Alan Richard,Unknown,Unknown,Unknown
Rosta Patrik,Unknown,Unknown,Unknown
Robertt Lamberttinni,Unknown,Unknown,Unknown
Demetri Decreo,Unknown,Unknown,Unknown
Evan Rochelle,Unknown,Unknown,Unknown
Paris Fealey,Unknown,Unknown,Unknown
Kevin Oneil,Unknown,Unknown,Unknown
John Janiero,Unknown,Unknown,Unknown
David Luger,Unknown,Unknown,Unknown
Juliano Alves,Unknown,Unknown,Unknown
Michael Morrison,Unknown,Unknown,Unknown
Robert Pure,Unknown,Unknown,Unknown
Duda Gaucha (Trans),Unknown,Unknown,Unknown
Felix Stulback,Unknown,Unknown,Unknown
Jake Williams,Unknown,Unknown,Unknown
Gergo Vernagy,Unknown,Unknown,Unknown
Rich Handsome,Unknown,Unknown,Unknown
Hyago Ribeiro,Unknown,Unknown,Unknown
Zac (Bi),Unknown,Unknown,Unknown
Csaba Ori,Unknown,Unknown,Unknown
Gary Tayler,Unknown,Unknown,Unknown
Mike Lucks,Unknown,Unknown,Unknown
Arik Alyse,Unknown,Unknown,Unknown
Ronnie Weber,Unknown,Unknown,Unknown
Scott Hancock,Unknown,Unknown,Unknown
Ronnie Gunn,Unknown,Unknown,Unknown
Muff Daddy,Unknown,Unknown,Unknown
Mark Buike,Unknown,Unknown,Unknown
Seb Roberstone,Unknown,Unknown,Unknown
Tommy Castellari,Unknown,Unknown,Unknown
Tony Eveready,Unknown,Unknown,Unknown
Rotten Basstard,Unknown,Unknown,Unknown
Tom Petrov,Unknown,Unknown,Unknown
Brandon X,Unknown,Unknown,Unknown
Attila Hogyes,Unknown,Unknown,Unknown
Vito Corleone,Unknown,Unknown,Unknown
Michael Bitencourt,Unknown,Unknown,Unknown
Wesley B,Unknown,Unknown,Unknown
Andre Ribeiro,Unknown,Unknown,Unknown
Jimmy Blaze,Unknown,Unknown,Unknown
Marcelo Vidal,Unknown,Unknown,Unknown
Kaike Brilo,Unknown,Unknown,Unknown
Charlie Stygger,Unknown,Unknown,Unknown
Marcelo Moura,Unknown,Unknown,Unknown
Enrico Dickens,Unknown,Unknown,Unknown
James King,Unknown,Unknown,Unknown
Luciana Lira,Unknown,Unknown,Unknown
Patrick Schuster,Unknown,Unknown,Unknown
Hunk Hollywood,Unknown,Unknown,Unknown
Ian Daniels,Unknown,Unknown,Unknown
Mike Gate,Unknown,Unknown,Unknown
Shawn Ricks,Unknown,Unknown,Unknown
Nick Capra,Unknown,Unknown,Unknown
Roc Magnum,Unknown,Unknown,Unknown
Derrick Dicks,Unknown,Unknown,Unknown
Pin Up Boi,Unknown,Unknown,Unknown
Peter Nagy,Unknown,Unknown,Unknown
Lance Strong,Unknown,Unknown,Unknown
Chris Lafleur,Unknown,Unknown,Unknown
George Dagmail,Unknown,Unknown,Unknown
Julio Domingos,Unknown,Unknown,Unknown
John Carte,Unknown,Unknown,Unknown
Diego Robert,Unknown,Unknown,Unknown
Gabriel Lear,Unknown,Unknown,Unknown
Alan Black,Unknown,Unknown,Unknown
Junior Feraz,Unknown,Unknown,Unknown
Andrew Kitt,Unknown,Unknown,Unknown
Randy Scott,Unknown,Unknown,Unknown
Raymond Ram,Unknown,Unknown,Unknown
Jimi King,Unknown,Unknown,Unknown
Sergio Escoto,Unknown,Unknown,Unknown
Aussie Thunder,Unknown,Unknown,Unknown
Scott Lebull,Unknown,Unknown,Unknown
Big Jon,Unknown,Unknown,Unknown
Boby Duroc,Unknown,Unknown,Unknown
Alan Roiter,Unknown,Unknown,Unknown
Alex Star,Unknown,Unknown,Unknown
Robert Lenge,Unknown,Unknown,Unknown
Junior Bastos,Unknown,Unknown,Unknown
Kevin King,Unknown,Unknown,Unknown
Dick Hurtzer,Unknown,Unknown,Unknown
Dan Leal,Unknown,Unknown,Unknown
Andrea Nobili,Unknown,Unknown,Unknown
Jason Riley,Unknown,Unknown,Unknown
Junior Pavanello,Unknown,Unknown,Unknown
Jarod Diamond,Unknown,Unknown,Unknown
Frank Tusion,Unknown,Unknown,Unknown
Piggly Hog,Unknown,Unknown,Unknown
Camila Close (Trans),Unknown,Unknown,Unknown
Buck Adams,Unknown,Unknown,Unknown
James Driller,Unknown,Unknown,Unknown
Luana Lethuan,Unknown,Unknown,Unknown
Lee Longwood,Unknown,Unknown,Unknown
Mark Vega,Unknown,Unknown,Unknown
Erik Brenner Ferenc,Unknown,Unknown,Unknown
Juliana Oliveria,Unknown,Unknown,Unknown
Milo Fisher,Unknown,American,Caucasian
Liu Gang,Liu Chang,Brazilian,Asian
Michel Maion,Unknown,Unknown,Unknown
Michael V,Unknown,Unknown,Unknown
Brian Young,Unknown,Unknown,Unknown
Jordan Phillips,Unknown,Unknown,Unknown
Alex Junior,Unknown,Unknown,Unknown
Doni Size,Unknown,Unknown,Unknown
Slimm Dogg,Unknown,Unknown,Unknown
Pinch,"Mathieu Pare, Le Pinch, Mat Pare",Canadian,Caucasian
Mel Voguel (Trans),Unknown,Unknown,Unknown
Trent Tesoro,Unknown,Unknown,Unknown
Danielly Marinetto (Trans),Unknown,Unknown,Unknown
Santino Lee,Unknown,Unknown,Unknown
Marcus Mcneill,Unknown,Canadian,Caucasian
Gabriel D'alessandro,"Gabriel N' Glessandio, Gabriel Dalessandro, Gabe B",Unknown,Latin
Adriela Vendromine,Unknown,Unknown,Unknown
Julian Andretti,Unknown,Unknown,Unknown
Jack Escobar,Unknown,Unknown,Latin
Stefan Hard,Unknown,Unknown,Unknown
David Mistral,Unknown,Unknown,Unknown
Roy L. Shaft,Unknown,Unknown,Unknown
Micky Mackenzie,Unknown,American,Native
Robert Ox,Unknown,Unknown,Unknown
Joey Silvera,Unknown,Unknown,Unknown
Negra (Trans),Unknown,Unknown,Unknown
Dan Masters,Unknown,Unknown,Unknown
Dirk S.,Unknown,Unknown,Unknown
Emanoel Blay,Unknown,Unknown,Unknown
Aykon Vilela,Unknown,Unknown,Unknown
Fm Bradley,Unknown,Unknown,Unknown
Rafinha Angel,Unknown,Unknown,Unknown
Mike Stallone,Mick Stallone,Unknown,Unknown
Max Black,Unknown,Unknown,Unknown
Masuo Tanaka,Unknown,Unknown,Unknown
Ken Scudder,Unknown,Unknown,Unknown
Craig Roberts,Unknown,Unknown,Unknown
Darryl Divine,Unknown,Unknown,Unknown
Justin Kingsley,Unknown,Unknown,Unknown
Natasha Ferreira,Unknown,Unknown,Unknown
Rick Savage,Unknown,Unknown,Unknown
Chris Toms,Unknown,Unknown,Unknown
Jarred Steed,Unknown,Unknown,Unknown
Sal Duchaine,Unknown,Unknown,Unknown
Phil Hollyday,Unknown,Unknown,Unknown
Agatha (Trans),Unknown,Unknown,Unknown
Reda Semlahew,Unknown,Unknown,Unknown
Ron Jones,Unknown,Unknown,Unknown
Sean Swipe,Unknown,Unknown,Unknown
Dmitry Leontev,Unknown,Unknown,Unknown
Carlos Valdez,Unknown,Unknown,Unknown
Carl Johnson,Unknown,Unknown,Unknown
Snider D,Unknown,Unknown,Unknown
Julius Pleaser,Unknown,Unknown,Unknown
Lil Red,Unknown,Unknown,Unknown
Aleksandar Gajin,Unknown,Unknown,Unknown
Brian Wanda,Unknown,Unknown,Unknown
Rocky Oliveira,Unknown,Unknown,Unknown
Vince Vega,Unknown,Unknown,Unknown
Tommy Reeves,Unknown,Unknown,Unknown
Johnny Boss,Unknown,Unknown,Unknown
Bel Gris,Unknown,Unknown,Unknown
Chase Arcangel,Unknown,American,Caucasian
Brandon Ashton,"Bradley, Sebastien, Brother Rey",American,Caucasian
Cody Carter,Unknown,American,Caucasian
Leona Andrev,Unknown,Unknown,Unknown
Justin Conway,Unknown,Unknown,Unknown
Dave Pounder,Unknown,Unknown,Unknown
Jamie Page,Unknown,Unknown,Unknown
Alex Domistky,Unknown,Unknown,Unknown
Andre Anoa,Unknown,Unknown,Unknown
Nic The Nuts,Unknown,Unknown,Unknown
Mark Ashley,Unknown,Unknown,Unknown
Kaike Buto,Unknown,Unknown,Unknown
Kaua Gasparotto,Unknown,Unknown,Unknown
Richard Langin,Unknown,Unknown,Unknown
Mr P,Unknown,Unknown,Unknown
Lex Parker,Unknown,Unknown,Unknown
Toei (Trans),Unknown,Unknown,Unknown
Shaggy Nakadashi,Unknown,Unknown,Unknown
Lorenzo Hightower,Unknown,Unknown,Unknown
Kauan Rubeino,Unknown,Unknown,Unknown
Danny Blue,Unknown,Unknown,Unknown
Alexia Nogueira (Trans),Unknown,Unknown,Unknown
Jack London,Unknown,Unknown,Unknown
Lynn (Trans),Unknown,Unknown,Unknown
Steve Hardy,"Meyoto, Steven, Xxx Stive, Alex Stevens, Steve G",Russian,Caucasian
Denis Marti,Unknown,Unknown,Unknown
Larissa Di Paula,Unknown,Unknown,Unknown
Roly Reeves,Unknown,Unknown,Unknown
Barbara Goulart (Trans),Unknown,Unknown,Unknown
Nadia Leart (Trans),Unknown,Unknown,Unknown
Cameron Reid,Unknown,Unknown,Unknown
Renna Black,Randell Harrevelt,Dutch,Black
Alex Sena,Unknown,Unknown,Unknown
Giselle Carvaio (Trans),Unknown,Unknown,Unknown
Amanda Mantovani (Trans),Unknown,Unknown,Unknown
David Vanek,Unknown,Unknown,Unknown
Jasper Wade,Unknown,Unknown,Unknown
Tristan Baldwin,Unknown,Unknown,Unknown
Ryan Ryder,Unknown,Unknown,Caucasian
Seth Knight,Unknown,American,Caucasian
Myla Pereira,Unknown,Unknown,Unknown
Richie Black,Unknown,Unknown,Unknown
Marcos Leon,Unknown,Unknown,Unknown
Gabriela Ribeiro,Unknown,Unknown,Unknown
Vance Crawford,Unknown,American,Caucasian
Drielly Riuston,Unknown,Unknown,Unknown
Filip Eifler,Unknown,Unknown,Unknown
Joe Rock,Unknown,Unknown,Unknown
Eddy Blackone,"Blacksky, Eddy Blackbone, Eddy Blakwane, Eddy X, Wesley, Eddy, Eddy Black One, Addy, Samba, Eddie Black, Eddy Blackwane",French,Black
John Decker,Unknown,Unknown,Unknown
Michael Maion,Unknown,Unknown,Unknown
Daniel Hunter,Unknown,Unknown,Unknown
Claudio Pedro,Unknown,Unknown,Unknown
Luana Varela,Unknown,Unknown,Unknown
Ricky Finist,Unknown,Unknown,Unknown
Rollin J,Unknown,Unknown,Unknown
Michael Fuller,Unknown,Unknown,Unknown
Tyson Miller,Unknown,Unknown,Unknown
Isabelly Ferraz (Trans),Unknown,Unknown,Unknown
Peter Panther,Unknown,Unknown,Unknown
J.t.,Unknown,Unknown,Unknown
Winston Burbank,Unknown,Unknown,Unknown
Andre Santos,Unknown,Unknown,Unknown
Alex Forte,Unknown,Unknown,Unknown
Bobby Blam,Unknown,Unknown,Unknown
Jonny Utah,Unknown,Unknown,Unknown
Liviu Rousso,Unknown,Unknown,Unknown
Kyle Phillips,Unknown,Unknown,Unknown
Guilherme Maia,Unknown,Unknown,Unknown
Vince Vouyer,Unknown,Unknown,Unknown
Minny (Trans),Unknown,Unknown,Unknown
Brennan Rhodes,Unknown,Unknown,Unknown
Gavin Steele,Unknown,Unknown,Unknown
Alexander Tda,TDA,Italian,Caucasian
Ceasar Agustus,Unknown,Unknown,Unknown
Paty Colt,Unknown,Unknown,Unknown
Patricia Ferraz,Unknown,Unknown,Unknown
Dallass,Unknown,Unknown,Unknown
Christian M.,Unknown,Unknown,Unknown
Paty Bionda,Unknown,Unknown,Unknown
Patti (Trans),Unknown,Unknown,Unknown
Patrica Sabatiny,Unknown,Unknown,Unknown
Marco Lee,Unknown,Unknown,Unknown
Ali King,Unknown,Unknown,Unknown
Grazielle Sanches,Unknown,Unknown,Unknown
Marcela Ramos,Unknown,Unknown,Unknown
Alan Capier,Unknown,Unknown,Unknown
Tony S,Unknown,Unknown,Unknown
Haiko Titan,Unknown,Unknown,Unknown
Rassia Bavinny,Unknown,Unknown,Unknown
Darren James,Unknown,Unknown,Unknown
Maxim White,Unknown,Russian,Caucasian
Izabelly Ferraz,Unknown,Unknown,Unknown
Christian Diaz,Unknown,Unknown,Unknown
Brian Henderson,Unknown,Unknown,Unknown
Will Simon,Unknown,Unknown,Unknown
Steve Layer,Unknown,Unknown,Unknown
Poax Lenehan,Unknown,Unknown,Unknown
Damien Thorne,Unknown,Unknown,Unknown
Anna (Trans),Unknown,Unknown,Unknown
Alex Woods,Unknown,Unknown,Unknown
Rudy Strong,Unknown,Unknown,Unknown
Johnny Cockring,Unknown,Unknown,Unknown
Marcela Escobar,Unknown,Unknown,Unknown
Jennifer Cortez (Trans),Unknown,Unknown,Unknown
Kobe Bird,Unknown,Unknown,Unknown
Justin Snyder,Unknown,Unknown,Unknown
Jon Martin,Unknown,Unknown,Unknown
Josh Gates,Unknown,Unknown,Unknown
Ian Levine,Unknown,American,Caucasian
Lance Hart,"Lance, Bishop Hart, Bob",American,Caucasian
Cris D'hulg,Unknown,Unknown,Unknown
Bobby Williams,Unknown,Unknown,Unknown
Markus Waxenegger,Unknown,Unknown,Unknown
Jersey Black,Unknown,Unknown,Unknown
Greg Rome,Unknown,Unknown,Unknown
Alex Ferraz,Unknown,Unknown,Unknown
Albert Conte,Unknown,Unknown,Unknown
Dayanne Callegare (Trans),Unknown,Unknown,Unknown
Steve Hooper,Unknown,Unknown,Unknown
Cassia Carvalho (Trans),Unknown,Unknown,Unknown
Johnny B Goode,Unknown,Unknown,Unknown
Benjamin Bratt,Unknown,Unknown,Unknown
Logan Xander,Hey Grimy,American,Caucasian
Falcon Al,"Falcon1919, Enrikay, Aleksander Sokolov",Unknown,Caucasian
Weston White,Unknown,Unknown,Unknown
Conny,Unknown,Unknown,Unknown
Frank Fortuna,Unknown,Unknown,Unknown
Jayce Xaveri,Unknown,Unknown,Unknown
Timur Vasilenko,Unknown,Unknown,Unknown
Drika Lima (Trans),Unknown,Unknown,Unknown
Luca Bazooka,Unknown,Unknown,Unknown
Jaqueline Dilly,Unknown,Unknown,Unknown
Levon Horn,Unknown,Unknown,Unknown
Patrick Femel,Unknown,Unknown,Unknown
Carlton Banks,Unknown,Unknown,Unknown
Derek Thomas,Unknown,Unknown,Unknown
Bobby Sox,Unknown,Unknown,Unknown
Dhones Portella,Unknown,Unknown,Unknown
Aaron Wilcox,Unknown,Unknown,Unknown
C.j. Ryder,Unknown,Unknown,Unknown
Patrick Lost,Unknown,Unknown,Unknown
Leonardo Carioca,Unknown,Unknown,Unknown
Eric Pardee,Unknown,Unknown,Unknown
Kelly Ohana,Unknown,Unknown,Unknown
Shay Gunz,Unknown,Unknown,Unknown
Dave Sanchez,Unknown,Unknown,Unknown
Domenic Kane,Unknown,Unknown,Unknown
Frank Lemos,Unknown,Unknown,Unknown
Jenifer Brazil (Trans),Unknown,Unknown,Unknown
Tyler Blaze,Unknown,Unknown,Unknown
Don Grammar,"Don Grammer, Dong Rammer, King Don G",American,Black
Pamela Ferreira,Unknown,Unknown,Unknown
Fernanda Barros (Trans),Unknown,Unknown,Unknown
Daniel Rasek,Unknown,Unknown,Unknown
Carlos Ferrari,Unknown,Unknown,Unknown
Nick Leykis,Nick The Grip Leykis,Canadian,Caucasian
Dave March,Unknown,Canadian,Caucasian
Marc Dylan,Chris Gabriel,American,Caucasian
Polo Starr,Unknown,Unknown,Unknown
Sergio Suarez,Unknown,Unknown,Unknown
Evelyn Frazao,Unknown,Unknown,Unknown
Big Pike,Unknown,Unknown,Unknown
Juliana Arauja,Unknown,Unknown,Unknown
Milena Vendramine,Unknown,Unknown,Unknown
Agatha De Melo,Unknown,Unknown,Unknown
Gabryelly Dummond (Trans),Unknown,Unknown,Unknown
Mickey G.,Unknown,Unknown,Unknown
Blaine Johnson,"DirtyTony, Blaine",American,Caucasian
Thais Shiavinato (Tr),Unknown,Unknown,Unknown
Juan Martinez,Unknown,Unknown,Unknown
Kevin Sexxx,Unknown,Unknown,Unknown
Shirley (Trans),Unknown,Unknown,Unknown
Will Boner,Unknown,Unknown,Unknown
Guenter H.,Unknown,Unknown,Unknown
Marin Rossi,Unknown,Unknown,Unknown
Ageda (Trans),Unknown,Unknown,Unknown
Hooks,Unknown,Unknown,Unknown
Fernanda Moreno Diaz,Unknown,Unknown,Unknown
Joe Martin,Unknown,Unknown,Unknown
Barbara Kysivics (Trans),Unknown,Unknown,Unknown
Jorge Eyng,Unknown,Unknown,Unknown
D. K.,Unknown,Unknown,Unknown
Lucky (Trans),Unknown,Unknown,Unknown
Tom Smith,Unknown,Unknown,Unknown
Barbara Smith,Unknown,Unknown,Unknown
Apollo Max,Apolo Max,Unknown,Unknown
Monika Prado,Unknown,Unknown,Unknown
Jason Banger,Unknown,Unknown,Unknown
John Q.,Unknown,Unknown,Unknown
Melanie Hickman,Unknown,Unknown,Unknown
Tanner Wayne,Unknown,American,Caucasian
Peter Rain,Unknown,Unknown,Unknown
Raquel Dourado,Unknown,Unknown,Unknown
Ray Victory,Unknown,Unknown,Unknown
Allan P.,Unknown,Unknown,Unknown
Jarrod Steed,Unknown,Unknown,Unknown
Miro Da Nola,Unknown,Unknown,Unknown
Dannilly Marinto,Unknown,Unknown,Unknown
Frank Tyler,Unknown,Unknown,Unknown
Unknown Male 211329,Unknown,Unknown,Unknown
Amanda Vaz (Trans),Unknown,Unknown,Unknown
Jonny Boy,Unknown,Unknown,Unknown
Marc Mann,Unknown,Unknown,Unknown
Caroline Mancini (Trans),Unknown,Unknown,Unknown
Thays Mclane (Trans),Unknown,Unknown,Unknown
Max Willye,Unknown,Unknown,Unknown
Izadora Lourenco,Unknown,Unknown,Unknown
Gery Taylor,Unknown,Unknown,Unknown
Mike Dreyden,Unknown,American,Mixed
Mirany Ribeiro,Unknown,Unknown,Unknown
Daxane Spiller (Trans),Unknown,Unknown,Unknown
Celina (Trans),Unknown,Unknown,Unknown
Andrea Scofani (Trans),Unknown,Unknown,Unknown
James Garcia,Unknown,Unknown,Unknown
Crys (Trans),Unknown,Unknown,Unknown
Evelin Rangel,Unknown,Unknown,Unknown
Alex Ladd,Unknown,Unknown,Unknown
Buzy Gleice (Tr),Unknown,Unknown,Unknown
Naomi Close,Unknown,Unknown,Unknown
Celeste Glamour (Trans),Unknown,Unknown,Unknown
Alexia Firenze (Trans),Unknown,Unknown,Unknown
Lisa Lawyer,Unknown,Unknown,Unknown
Michael J. Cox,Unknown,Unknown,Unknown
Dany Novaes (Trans),Unknown,Unknown,Unknown
Chelder Manzini,Unknown,Unknown,Unknown
D. Wise,Unknown,Unknown,Unknown
Juliana Rubiett,Unknown,Unknown,Unknown
Varun Dhillon,Unknown,Unknown,Unknown
Rebeca Sorza (Trans),Unknown,Unknown,Unknown
Nico Stallone,Unknown,Unknown,Unknown
Izabela Lobos (Trans),Unknown,Unknown,Unknown
Dominique Ferraz (Trans),Unknown,Unknown,Unknown
Laila Amorim,Unknown,Unknown,Unknown
Dick Smothers Jr,Unknown,Unknown,Unknown
Cawanna Deprado,Unknown,Unknown,Unknown
Raphael Valentino,Unknown,Unknown,Unknown
Andre Dumont,Unknown,Unknown,Unknown
Kamila Smith (Trans),Unknown,Unknown,Unknown
Jean-Claude Batiste,Unknown,Unknown,Unknown
Duda Dihl,Unknown,Unknown,Unknown
Aundre Dumont,Unknown,Unknown,Unknown
Emily Santana (Trans),Unknown,Unknown,Unknown
Michele Araujo,Unknown,Unknown,Unknown
Mauricio Ferrari,Unknown,Unknown,Unknown
Jake Samms,Unknown,Unknown,Unknown
Cinthia Close,Unknown,Unknown,Unknown
Rafaela Sanchez,Unknown,Unknown,Unknown
Melissa Andrade,Unknown,Unknown,Unknown
Patricia Sabatiny,Unknown,Unknown,Unknown
Rafaely Dubenstay,Unknown,Unknown,Unknown
Jessica Ketlen (Trans),Unknown,Unknown,Unknown
Pamela Araujo (Trans),Unknown,Unknown,Unknown
Erika Backster (Trans),Unknown,Unknown,Unknown
Eric Hard,Unknown,Unknown,Unknown
Marcio Savoy,Unknown,Unknown,Unknown
Angelika Campos (Trans),Unknown,Unknown,Unknown
Lucas Voguel,Unknown,Unknown,Unknown
Ken Masters,Unknown,Unknown,Unknown
Juan Carlos,Unknown,Unknown,Unknown
J.d. Coxxx,Unknown,Unknown,Unknown
Katia Flavia,Unknown,Unknown,Unknown
Ben Inya,Unknown,Unknown,Unknown
Lutheanne Thayrine,Unknown,Unknown,Unknown
Gleice Kelly (Trans),Unknown,Unknown,Unknown
Carol Penelope (Trans),Unknown,Unknown,Unknown
Bruno,Unknown,Unknown,Unknown
Trace Kendall,Unknown,American,Caucasian
Bia Bastos (Trans),Unknown,Unknown,Unknown
Marcelo Breda,Unknown,Unknown,Unknown
Brett Bryant,Unknown,Unknown,Unknown
Thais Dumont,Unknown,Unknown,Unknown
Rolf H.,Unknown,Unknown,Unknown
Igor Fiori,Unknown,Unknown,Unknown
Jussara Basil,Unknown,Unknown,Unknown
Gisely Dom Vao,Unknown,Unknown,Unknown
Tommi O.,Unknown,Unknown,Unknown
Aretha Anderson,Unknown,Unknown,Unknown
Freaky Deke,Unknown,Unknown,Unknown
Pavel Halabica,Unknown,Unknown,Unknown
Juan Navarro,Unknown,Unknown,Unknown
Marchinha De Belem,Unknown,Unknown,Unknown
Estevam Lobo,Unknown,Unknown,Unknown
De Karlo,Unknown,Unknown,Unknown
Thaissa (Tr),Unknown,Unknown,Unknown
Dante Franklin,Unknown,Unknown,Unknown
Mack Hawk,Unknown,Unknown,Unknown
Mark Galfione,Unknown,Unknown,Unknown
Danielle Foxxx,Unknown,Unknown,Unknown
Dave Dodge,Unknown,Unknown,Unknown
Ron Hightower,Unknown,Unknown,Unknown
Jade Oliveira (Trans),Unknown,Unknown,Unknown
Aline Garcia (Trans),Unknown,Unknown,Unknown
Leticia Vlasak (Trans),Unknown,Unknown,Unknown
Agatha Trajano (Trans),Unknown,Unknown,Unknown
Mick Hardwood,Unknown,Unknown,Unknown
Evelyn Rangel (Trans),Unknown,Unknown,Unknown
Milan Melichar,Unknown,Unknown,Unknown
Romario Souza,Unknown,Unknown,Unknown
Rusty Stevens,Unknown,American,Caucasian
Agatha Ferraz,Unknown,Unknown,Unknown
Anita Rik,Unknown,Unknown,Unknown
Alan Santos,Unknown,Unknown,Unknown
Aline Tavares (Trans),Unknown,Unknown,Unknown
Carla Renata (Trans),Unknown,Unknown,Unknown
Cubic (Bi),Unknown,Unknown,Unknown
Mickelly Miranda,Unknown,Unknown,Unknown
Jaqueline Dark (Trans),Unknown,Unknown,Unknown
Captain Save-A-Ho,Unknown,Unknown,Unknown
Rebeka Marques,Unknown,Unknown,Unknown
Patricia Bismark (Trans),Unknown,Unknown,Unknown
Camila Sampaio,Unknown,Unknown,Unknown
Wanessa Waitzel (Trans),Unknown,Unknown,Unknown
Dominique (Trans),Unknown,Unknown,Unknown
Luke Taylor,Unknown,Unknown,Unknown
Arian Feitosa,Unknown,Unknown,Unknown
Robert Gaucho,Unknown,Unknown,Unknown
Chelsea Jblair,Unknown,Unknown,Unknown
Monik Larran (Tr),Unknown,Unknown,Unknown
Kelly Bismarc,Unknown,Unknown,Unknown
Mr Bigg,Unknown,Unknown,Unknown
New (Trans),Unknown,Unknown,Unknown
Priscilla Gaucha,Unknown,Unknown,Unknown
Jay Fox,Unknown,Unknown,Unknown
Mauro Nazarevo,Unknown,Unknown,Unknown
Kalena Rios (Trans),Unknown,Unknown,Unknown
Caleb Carter,Unknown,Unknown,Unknown
Pamela Gaucha,Unknown,Unknown,Unknown
Mike Cupid,Unknown,Israeli,Caucasian
Mr Sauki,Unknown,Unknown,Unknown
Ray Black,Unknown,Unknown,Unknown
Magnum Ex,Unknown,Unknown,Unknown
Igor Saves,Unknown,Unknown,Unknown
Alex Bad Boy,Unknown,Unknown,Unknown
Benito Boldi (Trans),Unknown,Unknown,Unknown
Sancho Juan,Unknown,Unknown,Unknown
Luana Araujo,Unknown,Unknown,Unknown
Anna Paula Samadhi (Trans),Unknown,Unknown,Unknown
Kaique Brito,Unknown,Unknown,Unknown
Milky Love Boy,Unknown,Unknown,Unknown
Junior,Unknown,Unknown,Unknown
Tyler Marciano,Unknown,Unknown,Unknown
Mckayla Alves,Unknown,Unknown,Unknown
Cristian Torquato,Unknown,Unknown,Unknown
Duda Galhori (Trans),Unknown,Unknown,Unknown
Tarrie Hall,Unknown,Unknown,Unknown
Danielly Palomino,Unknown,Unknown,Unknown
Chechu (Trans),Unknown,Unknown,Unknown
Camilly Zanine (Trans),Unknown,Unknown,Unknown
Amanda Araujo (Trans),Unknown,Unknown,Unknown
John B. Root,Paul Forguette,Unknown,Caucasian
Marcella (Tr),Unknown,Unknown,Unknown
Little Tokyo,Unknown,Unknown,Unknown
Pablo Black,Unknown,Unknown,Unknown
Adrielly Vendraminny (Trans),Unknown,Unknown,Unknown
Sara (Trans),Unknown,Unknown,Unknown
Steve Hunt,Unknown,Unknown,Unknown
Jay Steele,Unknown,Unknown,Unknown
Liticia Venturine,Unknown,Unknown,Unknown
J. Cannon,Unknown,Unknown,Unknown
Heiko F.,Unknown,Unknown,Unknown
Peow (Trans),Unknown,Unknown,Unknown
Anjoliny Bysmark,Unknown,Unknown,Unknown
Gabriel D'alessandro,Unknown,Unknown,Unknown
Barbara (Trans),Unknown,Unknown,Unknown
Kari Kinkaid,Unknown,Unknown,Unknown
Renate Ferras,Unknown,Unknown,Unknown
J.c. Stinger,Unknown,Unknown,Unknown
Odaliz Smith,Unknown,Unknown,Unknown
Mr. Nice,Unknown,Unknown,Unknown
Karol Matins,Unknown,Unknown,Unknown
Hilda (Trans),Unknown,Unknown,Unknown
Douglas Galimbertti,Unknown,Unknown,Unknown
Erika Fontana (Trans),Unknown,Unknown,Unknown
Nayla Vogue,Unknown,Unknown,Unknown
Jorg Jopke,Unknown,Unknown,Caucasian
Erica Vasconcelos (Trans),Unknown,Unknown,Unknown
Ancanjo Amaro,Unknown,Unknown,Unknown
Alec Treriliam,Unknown,Unknown,Unknown
Tiny Tim,Unknown,Unknown,Unknown
Rafaela Ferrari,Unknown,Unknown,Unknown
Tim Hard,Unknown,Unknown,Unknown
Gabor Nemeth,Unknown,Unknown,Unknown
James Barrett,Unknown,Unknown,Unknown
J.j. Michaels,Unknown,Unknown,Unknown
City Boi,City Boy,Unknown,Unknown
Janny (Trans),Unknown,Unknown,Unknown
Keyla Rouston,Unknown,Unknown,Unknown
Erick Nogueira,Unknown,Unknown,Unknown
Bret Singer,Unknown,Unknown,Unknown
Aline Ganzarolli (Trans),Unknown,Unknown,Unknown
Markus K.,Unknown,Unknown,Unknown
Alycia (Trans),Unknown,Unknown,Unknown
Graziella De Biasi,Unknown,Unknown,Unknown
Miyuky Velask,Unknown,Unknown,Unknown
Antony Caputo,Unknown,Unknown,Unknown
Junior Carioca,Unknown,Unknown,Unknown
Max Dorn,Unknown,Unknown,Unknown
Danielle Oliveria,Unknown,Unknown,Unknown
Johanna B,Unknown,Unknown,Unknown
Fernanda Zocal,Unknown,Unknown,Unknown
Peterson (Bi),Unknown,Unknown,Unknown
Seth Roberts,Unknown,Unknown,Caucasian
Andrea Spider,Unknown,Unknown,Unknown
John B,Unknown,Unknown,Unknown
Kelly Taylor (Male),Unknown,Unknown,Unknown
Miguel De Sanchez,Unknown,Unknown,Unknown
Mika Libero,Unknown,Unknown,Unknown
Marica Ferreira,Unknown,Unknown,Unknown
Emily Weickert (Trans),Unknown,Unknown,Unknown
James Hamilton,Unknown,American,Caucasian
Lia Sayegh,Unknown,Unknown,Unknown
Rick Montila,Unknown,Unknown,Unknown
Jean Valjean,"Jean Paul, Alex Doriano, Jean Val Jean",Unknown,Unknown
Bryan Braxton,Unknown,Unknown,Unknown
A.j. Long,Unknown,Unknown,Unknown
Gergely Szabo,Unknown,Unknown,Caucasian
Lauro Gioho,Unknown,Unknown,Unknown
Marcel M.,Unknown,Unknown,Unknown
Jhoany Wilker (Trans),Unknown,Unknown,Unknown
Kelly Marcos,Unknown,Unknown,Unknown
Arthur Surkov,Unknown,Unknown,Unknown
Raica (Tr),Unknown,Unknown,Unknown
Gabriela De Carvalho (Trans),Unknown,Unknown,Unknown
Ariel Maquina,Unknown,Unknown,Unknown
Vivian (Trans),Unknown,Unknown,Unknown
Boby,Unknown,Unknown,Unknown
Martinha Martiolli,Unknown,Unknown,Unknown
Ben Campezi,Unknown,Unknown,Unknown
Duncan Sheen,Unknown,Unknown,Caucasian
Carla Bruna,Unknown,Unknown,Unknown
Kaique Dutra,Unknown,Unknown,Unknown
Jo Garcia,Unknown,Unknown,Unknown
Mal (Trans),Unknown,Unknown,Unknown
Carla Cardille (Trans),Unknown,Unknown,Unknown
James Jones,Unknown,Unknown,Unknown
Jamie Moore,Unknown,Unknown,Unknown
Luci May,Unknown,Unknown,Unknown
Hygor Negrao,Unknown,Unknown,Unknown
Juliana Lemos (Trans),Unknown,Unknown,Unknown
Carol Belli (Trans),Unknown,Unknown,Unknown
Lucrecia (Trans),Unknown,Unknown,Unknown
Dave Dickens,Unknown,Unknown,Unknown
Agata Soares,Unknown,Unknown,Unknown
Ruby (Trans),Unknown,Unknown,Unknown
Gia Darling (Trans),Unknown,Unknown,Unknown
Ryu Lung,Unknown,Unknown,Unknown
Jason Crew,"Jason Clydesdale, Justin Clydesdale",American,Caucasian
Kich,Unknown,Unknown,Unknown
Andrea Monti,Unknown,Unknown,Unknown
Evelin Frazao (Trans),Unknown,Unknown,Unknown
Jr Langdon,Unknown,Unknown,Unknown
Rob Thomas,Unknown,Unknown,Caucasian
Jason Jewel,Unknown,Unknown,Unknown
Luc Wylder,Unknown,Unknown,Unknown
Marco Nero,Unknown,Unknown,Unknown
Ricardo,Unknown,Unknown,Unknown
Kaua Riberio,Unknown,Unknown,Unknown
Ariel- M,Unknown,Unknown,Unknown
Rafael Marquez,Unknown,Unknown,Unknown
Dave Rex,Unknown,Unknown,Unknown
Mo Johnson,Unknown,Unknown,Unknown
Renata Tavares,Unknown,Unknown,Unknown
Sabrina Kamoei (Trans),Unknown,Unknown,Unknown
Gabryella Novaes,Unknown,Unknown,Unknown
Derek Skeeter,Unknown,Unknown,Unknown
Dawg Dixon,Unknown,Unknown,Unknown
Amanda Ferraz,Unknown,Unknown,Unknown
Joice Kimberli,Unknown,Unknown,Unknown
Tatiane Salimeni (Trans),Unknown,Unknown,Unknown
Ellen Silva (Trans),Unknown,Unknown,Unknown
Alexia (Trans),Unknown,Unknown,Unknown
Amanda (Trans),Unknown,Unknown,Unknown
Chuck Martino,Unknown,Unknown,Unknown
Mylena Bysmark,Unknown,Unknown,Unknown
Marcos Cordoba,Unknown,Unknown,Unknown
Dayane Callegare (Trans),Unknown,Unknown,Unknown
Bruna (Trans),Unknown,Unknown,Unknown
Isabelly Santana (Trans),Unknown,Unknown,Unknown
Mireye (Trans),Unknown,Unknown,Unknown
Cybelly (Trans),Unknown,Unknown,Unknown
Finn (Trans),Unknown,Unknown,Unknown
Jason Burger,Unknown,Unknown,Unknown
Sascha Koch,Unknown,Unknown,Unknown
Seymour Love,Unknown,Unknown,Unknown
Kid Dynamite,Unknown,Unknown,Unknown
Max Shiokawa,Unknown,Unknown,Unknown
Little Romeo,Unknown,Unknown,Unknown
Vin Deacon,Unknown,Unknown,Unknown
Irish Pickens,Unknown,Unknown,Unknown
Rex Morrison,Unknown,Unknown,Unknown
Noel,Unknown,Unknown,Unknown
The Drifter,Unknown,Unknown,Unknown
Wesley Nike,Unknown,Unknown,Unknown
Antony Danilo,Unknown,Unknown,Unknown
Zac Blake,Unknown,American,Caucasian
Amanda Taylor (Trans),Unknown,Unknown,Unknown
Rozen Debowe,Unknown,Unknown,Unknown
Micah Martinez,Micah Martz,American,Black
Dimp Blue,Unknown,Unknown,Unknown
Mr. Silver,Unknown,Unknown,Unknown
Mr Nangaty,Unknown,Unknown,Unknown
Paul Morgan,Unknown,Unknown,Unknown
Andy Collin,Unknown,Unknown,Unknown
Graziela Farias,Unknown,Unknown,Unknown
Miriany Ribeiro (Tr),Unknown,Unknown,Unknown
Ilyas,"Ilyas Point, Illias, Ilias",Unknown,Caucasian
Jackeline Beaggi,Unknown,Unknown,Unknown
Vinnie Bones,Unknown,Unknown,Caucasian
Gabriella Stephanie,Unknown,Unknown,Unknown
Max Carter,Unknown,American,Caucasian
Steve Knight,Unknown,Unknown,Unknown
Bob Chinn,Unknown,Unknown,Unknown
Chris Alexander,Unknown,Unknown,Unknown
Mark Saunders,Unknown,Unknown,Unknown
Zack Todd,Unknown,Unknown,Unknown
Frank Wright,Unknown,Unknown,Unknown
Bruno Marques,Unknown,Unknown,Unknown
Rick Vallerne,Unknown,Unknown,Unknown
Damien Cashmere,Unknown,Unknown,Unknown
Rocky Dilorenzo,Unknown,Unknown,Unknown
Jeff Wilson,Unknown,Unknown,Unknown
Peter Dickem,Unknown,Unknown,Unknown
Joseph W. Sarno,Unknown,Unknown,Unknown
Mark Stevens,Unknown,Unknown,Unknown
Eric Dylan,Unknown,Unknown,Unknown
Michael Dam,Unknown,Unknown,Unknown
Robert Bullock,Unknown,Unknown,Unknown
Ron Surewood,Unknown,Unknown,Unknown
Randy Paul,Unknown,Unknown,Unknown
Paul Stryder,Unknown,Unknown,Unknown
Rick Drexel,Unknown,Unknown,Unknown
Rick Lutz,Unknown,Unknown,Unknown
Wolf Savage,Unknown,Unknown,Unknown
Rob Gadling,Unknown,Unknown,Unknown
Hank Rose,Unknown,Unknown,Unknown
Gerry Pike,Unknown,Unknown,Unknown
Marc Stevens,Unknown,Unknown,Unknown
Christian Steele,Unknown,Unknown,Unknown
Barrett Moore,Unknown,Unknown,Unknown
Van Diesel,Unknown,Unknown,Unknown
Scott Baker,Unknown,Unknown,Unknown
Billy Dee,Unknown,Unknown,Unknown
Jason Ryder,Unknown,Unknown,Unknown
Christian Wolfe,Unknown,Unknown,Unknown
Jeff Scott,Unknown,Unknown,Unknown
Jessie Adams,Unknown,Unknown,Unknown
Tony Tedeschi,Unknown,Unknown,Unknown
Dan T. Mann,Unknown,Unknown,Unknown
Mrmarcus,Unknown,Unknown,Unknown
Sioban Hunter,Unknown,Unknown,Unknown
Catholic Boys First Monster Bareback Cock,Unknown,Unknown,Unknown
Blair Harris,Unknown,Unknown,Unknown
Jose Duval,Unknown,Unknown,Unknown
Carlos Carrera,Unknown,Unknown,Unknown
Alexander Horn,Unknown,Unknown,Unknown
Howard A.howard,Unknown,Unknown,Unknown
Henri Pachard,Unknown,Unknown,Unknown
Harry Reems,Unknown,Unknown,Unknown
Hank Armstrong,Unknown,Unknown,Unknown
Tony Belmonte,Unknown,Unknown,Unknown
Biff Malibu,Unknown,Unknown,Unknown
Piper Jo Spents,Unknown,Unknown,Unknown
Van Wilder,"Damian Price, Brian, Josh Lopez, Mike Vincent, Vince Wilder, James Kickstand",American,Unknown
Dark Knight,Unknown,Unknown,Unknown
Will Ravage,Unknown,Unknown,Unknown
Serge Shalik,"Serge Lepsky, Sergio Galanti",Russian,Caucasian
Alexandre Sena,Unknown,Unknown,Unknown
Billy Young,"Rod The Bear, Rod Berry, Billy Long, Little Billy, Billy James, Rob Debaer, Lil Billy, Rod Barry",American,Caucasian
Evan Cox,"Evans Coxxx, Bruno Cox, Evan Maus, Johanson, Bruno Kolvic",American,Caucasian
Scott Irish,Unknown,Unknown,Unknown
William Margold,Unknown,Unknown,Unknown
Steven Black,Unknown,Unknown,Unknown
Heather Thomas,Unknown,Unknown,Unknown
Joey Edwards,Unknown,Unknown,Unknown
Jerry Butler,Unknown,Unknown,Unknown
Jill Johns,Unknown,Unknown,Unknown
Mr Porter,Unknown,Unknown,Black
Ruslan Troknyuk,Unknown,Ukrainian,Unknown
Jimmy Zee,Unknown,Unknown,Unknown
John Janeiro,Unknown,Unknown,Unknown
Pairis Angelo,Unknown,Unknown,Unknown
Bob Deker,Unknown,French,Black
Frank James,Unknown,Unknown,Unknown
Devin Drills,Unknown,Unknown,Black
Juha Vantanen,Unknown,Unknown,Caucasian
Honey Dick,Unknown,Unknown,Black
Eric Edwards,Unknown,Unknown,Unknown
Sturgeon Court,Unknown,Unknown,Unknown
Jimmy Broadway,"Johnny Hollywood, Dick Berkeley, Timmy",American,Caucasian
Paul Thomas,Unknown,Unknown,Unknown
Oliver Trunk,"Louis Blednyk, Vladimir, Oliver Stone, Kasteil, Maxim Kozlov, Kastiel Cherry",Unknown,Caucasian
Karter Hoff,Unknown,Unknown,Caucasian
Rick Fantana,Rick Santana,American,Caucasian
Justin Matthews,Unknown,Unknown,Unknown
Peter Stallion,"Petr, Peter Sanger, Peter Schwartz, Kip Bailey, Patton Hall, Peter Stevens, Peter Totti",Czech,Caucasian
Cam Too Big,Unknown,Unknown,Black
Alex Davis,Alex D,Unknown,Caucasian
Dfw Knight,William,Unknown,Black
Teddy Tarantino,Unknown,Unknown,Latin
Julen Reyes,Unknown,Spanish,Latin
